case_id	suite	operation	legality	family	current_expectation	current_parser_state	current_parser_errno	stage1_requirement	stage2_requirement	packet_sha256
frame.pv0.mgmt.00.association_request.minimal	frame	send_after_continuity_fix	assigned	pv0_management	parser_accept_backend_candidate	accepted	0	terminal_completion_or_precise_backend_reject	ota_or_precise_firmware_unsupported	14eee3c8977498fa7e0c8827e713ea41b6685d2f1de429e559c072ba2329e7d6
frame.pv0.mgmt.00.association_request.minimum_minus_one	frame	parse_only	malformed	pv0_management_boundary	parse_reject_einval	rejected	-22	precise_parser_reject_without_submit	reject_without_submit	d252f15b512ebd9839485ac0e95ae6ba5793f1c83c507aabf2db913ca539332c
frame.pv0.mgmt.01.association_response.minimal	frame	send_after_continuity_fix	assigned	pv0_management	parser_accept_backend_candidate	accepted	0	terminal_completion_or_precise_backend_reject	ota_or_precise_firmware_unsupported	3d090f8a39a77d8519735fad75181a72fc51753c0d59610806bc2fbe41d4cf94
frame.pv0.mgmt.01.association_response.minimum_minus_one	frame	parse_only	malformed	pv0_management_boundary	parse_reject_einval	rejected	-22	precise_parser_reject_without_submit	reject_without_submit	8bb95ed4d9bdfe36d44f3d39898ace948acae884cfcb07c6ef725216bc1cd423
frame.pv0.mgmt.02.reassociation_request.minimal	frame	send_after_continuity_fix	assigned	pv0_management	parser_accept_backend_candidate	accepted	0	terminal_completion_or_precise_backend_reject	ota_or_precise_firmware_unsupported	8c4719c690bc7601c6bd3ae6a693cfa1cf6f31fede653c26db0eb764724e80d2
frame.pv0.mgmt.02.reassociation_request.minimum_minus_one	frame	parse_only	malformed	pv0_management_boundary	parse_reject_einval	rejected	-22	precise_parser_reject_without_submit	reject_without_submit	c124f37518856e50d51524bbc299f15090ffb7f9fc7514f4af93c445f599a51c
frame.pv0.mgmt.03.reassociation_response.minimal	frame	send_after_continuity_fix	assigned	pv0_management	parser_accept_backend_candidate	accepted	0	terminal_completion_or_precise_backend_reject	ota_or_precise_firmware_unsupported	c291cc9efb0d225b6be64e4a3b6bd35a97c12d72a3c958cf8e0a7c9f093332ab
frame.pv0.mgmt.03.reassociation_response.minimum_minus_one	frame	parse_only	malformed	pv0_management_boundary	parse_reject_einval	rejected	-22	precise_parser_reject_without_submit	reject_without_submit	b6fa41df7f2bc606f9b26382b610929c9a23ca410c42f9f679bf950ef7ddbc38
frame.pv0.mgmt.04.probe_request.minimal	frame	send_after_continuity_fix	assigned	pv0_management	parser_accept_backend_candidate	accepted	0	terminal_completion_or_precise_backend_reject	ota_or_precise_firmware_unsupported	c5f6eb15cd9e6750f718368e213cc8487e6742e96593bed5b3db74b236d1eafe
frame.pv0.mgmt.04.probe_request.minimum_minus_one	frame	parse_only	malformed	pv0_management_boundary	parse_reject_einval	rejected	-22	precise_parser_reject_without_submit	reject_without_submit	4ac250538f9d7da68f3d3a0543279dae7fe0842ad6a77b903a835e059f64c7b0
frame.pv0.mgmt.05.probe_response.minimal	frame	send_after_continuity_fix	assigned	pv0_management	parser_accept_backend_candidate	accepted	0	terminal_completion_or_precise_backend_reject	ota_or_precise_firmware_unsupported	9fb25a14c5a6f459fc763d8b2ab1f4af53e8a09373789062f19649faa3cee99f
frame.pv0.mgmt.05.probe_response.minimum_minus_one	frame	parse_only	malformed	pv0_management_boundary	parse_reject_einval	rejected	-22	precise_parser_reject_without_submit	reject_without_submit	c30a1852c8b2b774eb64c8c583eb65363eb9e35ed078a16dce5a8ab79fa6ecb8
frame.pv0.mgmt.06.timing_advertisement.minimal	frame	send_after_continuity_fix	assigned	pv0_management	parser_accept_backend_candidate	accepted	0	terminal_completion_or_precise_backend_reject	ota_or_precise_firmware_unsupported	735ef030a03dfaf030f917f3d49e8fa8cb7b674e040476d9c6ecc73fbb6ac67a
frame.pv0.mgmt.06.timing_advertisement.minimum_minus_one	frame	parse_only	malformed	pv0_management_boundary	parse_reject_einval	rejected	-22	precise_parser_reject_without_submit	reject_without_submit	8c3a8e2896cd7a0d4203ed1fbb37f0d92729194585d131cf983338368c3a5966
frame.pv0.mgmt.08.beacon.minimal	frame	send_after_continuity_fix	assigned	pv0_management	parser_accept_backend_candidate	accepted	0	terminal_completion_or_precise_backend_reject	ota_or_precise_firmware_unsupported	a4d0daabe31f4099a94f625b5ca552c4bd6e18754031d3b92968e1d7a54ee995
frame.pv0.mgmt.08.beacon.minimum_minus_one	frame	parse_only	malformed	pv0_management_boundary	parse_reject_einval	rejected	-22	precise_parser_reject_without_submit	reject_without_submit	87203cff108e377c37f373b61c2387f6f4f0f7bd53f89b7f538c02e7b9610d96
frame.pv0.mgmt.09.atim.minimal	frame	send_after_continuity_fix	assigned	pv0_management	parser_accept_backend_candidate	accepted	0	terminal_completion_or_precise_backend_reject	ota_or_precise_firmware_unsupported	3c5bf174b2ba7e93c9121aedea5ed545e3751ba9c69c3855b6e5429bc2a029b0
frame.pv0.mgmt.09.atim.minimum_minus_one	frame	parse_only	malformed	pv0_management_boundary	parse_reject_einval	rejected	-22	precise_parser_reject_without_submit	reject_without_submit	92e8e8b6f906dffeb8bb674ddb8b6a17544af9ebbe4e818ad19a19e3adf1673d
frame.pv0.mgmt.10.disassociation.minimal	frame	send_after_continuity_fix	assigned	pv0_management	parser_accept_backend_candidate	accepted	0	terminal_completion_or_precise_backend_reject	ota_or_precise_firmware_unsupported	9ef250cbbd8a8e1137a26a2393d5770a642ec50254fc4741164652c79f7d3f12
frame.pv0.mgmt.10.disassociation.minimum_minus_one	frame	parse_only	malformed	pv0_management_boundary	parse_reject_einval	rejected	-22	precise_parser_reject_without_submit	reject_without_submit	63387a535e2551b1a6701f9f8dde67d167683bd51c275ed9ee1e1828e9b58ae5
frame.pv0.mgmt.11.authentication.minimal	frame	send_after_continuity_fix	assigned	pv0_management	parser_accept_backend_candidate	accepted	0	terminal_completion_or_precise_backend_reject	ota_or_precise_firmware_unsupported	3cb0d8fa944d7529522d78c2966f682e4f34a7ef25e4902fd7403dd95e46db42
frame.pv0.mgmt.11.authentication.minimum_minus_one	frame	parse_only	malformed	pv0_management_boundary	parse_reject_einval	rejected	-22	precise_parser_reject_without_submit	reject_without_submit	de3cd17991618c3b86609079472e708c5a9baf110ed3ee0371c32fa26240794d
frame.pv0.mgmt.12.deauthentication.minimal	frame	send_after_continuity_fix	assigned	pv0_management	parser_accept_backend_candidate	accepted	0	terminal_completion_or_precise_backend_reject	ota_or_precise_firmware_unsupported	1ec600c4ecbaaf5fdc6ae5a4e9987b6003fa4f59f4ca608b3ac3ef94e976ceab
frame.pv0.mgmt.12.deauthentication.minimum_minus_one	frame	parse_only	malformed	pv0_management_boundary	parse_reject_einval	rejected	-22	precise_parser_reject_without_submit	reject_without_submit	dfee7fd25b4d001fd9ffb5e9f53694322488942c5203bed74df0f127eb5ae24b
frame.pv0.mgmt.13.action.minimal	frame	send_after_continuity_fix	assigned	pv0_management	parser_accept_backend_candidate	accepted	0	terminal_completion_or_precise_backend_reject	ota_or_precise_firmware_unsupported	7a6d940820c31312264ec23b26d9ccb50a4331cfb46058189d7c742db8e32d1e
frame.pv0.mgmt.13.action.minimum_minus_one	frame	parse_only	malformed	pv0_management_boundary	parse_reject_einval	rejected	-22	precise_parser_reject_without_submit	reject_without_submit	34323c6c1c0a2fe980231444f6d669dcf39c677a473670443bbf854346e7d6e4
frame.pv0.mgmt.14.action_no_ack.minimal	frame	send_after_continuity_fix	assigned	pv0_management	parser_accept_backend_candidate	accepted	0	terminal_completion_or_precise_backend_reject	ota_or_precise_firmware_unsupported	431cd7b8956b4548090f5ff1c613fc397785640b7d6fbc8e485b0a2d4af6395f
frame.pv0.mgmt.14.action_no_ack.minimum_minus_one	frame	parse_only	malformed	pv0_management_boundary	parse_reject_einval	rejected	-22	precise_parser_reject_without_submit	reject_without_submit	7ca9d433a84d400a5566415a7ea3ca1547fffa12e6355e8af280b7f8d981a597
frame.pv0.mgmt.00.association_request.ie.ssid_empty	frame	send_after_continuity_fix	assigned	pv0_management_ie	parser_accept_backend_candidate	accepted	0	terminal_completion_or_precise_backend_reject	ota_or_precise_firmware_unsupported	4ef4514c133bee2ef8a70367e8917ed00370356455714671d6f69245e83b2915
frame.pv0.mgmt.00.association_request.ie.ssid_max	frame	send_after_continuity_fix	assigned	pv0_management_ie	parser_accept_backend_candidate	accepted	0	terminal_completion_or_precise_backend_reject	ota_or_precise_firmware_unsupported	c42fe8047e5d26da5d42cb1c8a17474f895709216b9bd9ddae1a7d8f07329c31
frame.pv0.mgmt.00.association_request.ie.supported_rates	frame	send_after_continuity_fix	assigned	pv0_management_ie	parser_accept_backend_candidate	accepted	0	terminal_completion_or_precise_backend_reject	ota_or_precise_firmware_unsupported	2a0636c8bb8e79f880d867bfef9759f5c9d0a417bf73a4d9a9237fc049a3c254
frame.pv0.mgmt.00.association_request.ie.rsn	frame	send_after_continuity_fix	assigned	pv0_management_ie	parser_accept_backend_candidate	accepted	0	terminal_completion_or_precise_backend_reject	ota_or_precise_firmware_unsupported	0783aeeceafcade03ad77e2895004bd1883297dff77f915381256b9aeabbf187
frame.pv0.mgmt.00.association_request.ie.vendor	frame	send_after_continuity_fix	assigned	pv0_management_ie	parser_accept_backend_candidate	accepted	0	terminal_completion_or_precise_backend_reject	ota_or_precise_firmware_unsupported	cd365682dcec61b24792822e2bb83c3234529d2d6c4e094c7d512c592fa14474
frame.pv0.mgmt.00.association_request.ie.extension_he	frame	send_after_continuity_fix	assigned	pv0_management_ie	parser_accept_backend_candidate	accepted	0	terminal_completion_or_precise_backend_reject	ota_or_precise_firmware_unsupported	3326c6a123e93939217207abc4f4c0b9a4935304fdc90a8677d654fce32a9010
frame.pv0.mgmt.00.association_request.ie.extension_eht	frame	send_after_continuity_fix	assigned	pv0_management_ie	parser_accept_backend_candidate	accepted	0	terminal_completion_or_precise_backend_reject	ota_or_precise_firmware_unsupported	80428b3c42bcabb7b75a8aef8f49757f8e6c51b37e5787e7fe0de79025d00c0c
frame.pv0.mgmt.00.association_request.ie.max_len	frame	send_after_continuity_fix	assigned	pv0_management_ie	parser_accept_backend_candidate	accepted	0	terminal_completion_or_precise_backend_reject	ota_or_precise_firmware_unsupported	07c739ef01b81934460f623bd4c95edde82dba8e7288f7cd01db4c0d7018f2b8
frame.pv0.mgmt.01.association_response.ie.ssid_empty	frame	send_after_continuity_fix	assigned	pv0_management_ie	parser_accept_backend_candidate	accepted	0	terminal_completion_or_precise_backend_reject	ota_or_precise_firmware_unsupported	351b3853a494b9b7b553c5e4f18363dd9a13f7a4c3e0a66ce27c542dc2a22dbf
frame.pv0.mgmt.01.association_response.ie.ssid_max	frame	send_after_continuity_fix	assigned	pv0_management_ie	parser_accept_backend_candidate	accepted	0	terminal_completion_or_precise_backend_reject	ota_or_precise_firmware_unsupported	d42fb3d8cd4103581b7e4b6fd1a0636966103cec7533bfdfbd1169fff503dd2a
frame.pv0.mgmt.01.association_response.ie.supported_rates	frame	send_after_continuity_fix	assigned	pv0_management_ie	parser_accept_backend_candidate	accepted	0	terminal_completion_or_precise_backend_reject	ota_or_precise_firmware_unsupported	6164a5e03126d2b32e2cabfab23864aa9871f6e090d0baa922fb5525640f8357
frame.pv0.mgmt.01.association_response.ie.rsn	frame	send_after_continuity_fix	assigned	pv0_management_ie	parser_accept_backend_candidate	accepted	0	terminal_completion_or_precise_backend_reject	ota_or_precise_firmware_unsupported	294cd391b11ed245ebd5eb0cb734819b632c72caae8b6b77d9b30798f4967fb2
frame.pv0.mgmt.01.association_response.ie.vendor	frame	send_after_continuity_fix	assigned	pv0_management_ie	parser_accept_backend_candidate	accepted	0	terminal_completion_or_precise_backend_reject	ota_or_precise_firmware_unsupported	055f9799cf6d8b0f81fd98242d9992a52f98e24be32b01431a7915658bd83471
frame.pv0.mgmt.01.association_response.ie.extension_he	frame	send_after_continuity_fix	assigned	pv0_management_ie	parser_accept_backend_candidate	accepted	0	terminal_completion_or_precise_backend_reject	ota_or_precise_firmware_unsupported	def255ab81305398813e015dbf9eaf6d6a1a9574eb53cfecac315e8de2038a27
frame.pv0.mgmt.01.association_response.ie.extension_eht	frame	send_after_continuity_fix	assigned	pv0_management_ie	parser_accept_backend_candidate	accepted	0	terminal_completion_or_precise_backend_reject	ota_or_precise_firmware_unsupported	47afbd41dc566bf19669a48491c067c97e8780bcb593aceb8d957829a493dafa
frame.pv0.mgmt.01.association_response.ie.max_len	frame	send_after_continuity_fix	assigned	pv0_management_ie	parser_accept_backend_candidate	accepted	0	terminal_completion_or_precise_backend_reject	ota_or_precise_firmware_unsupported	f870d56f624b4e452ab5fc58f455202e70463c03f85bc240d5ce4901e83fa0b9
frame.pv0.mgmt.02.reassociation_request.ie.ssid_empty	frame	send_after_continuity_fix	assigned	pv0_management_ie	parser_accept_backend_candidate	accepted	0	terminal_completion_or_precise_backend_reject	ota_or_precise_firmware_unsupported	709f96fc8537d2fb92e3190120abdafa0c8477c9f9e03a2ead4c904d0c87870d
frame.pv0.mgmt.02.reassociation_request.ie.ssid_max	frame	send_after_continuity_fix	assigned	pv0_management_ie	parser_accept_backend_candidate	accepted	0	terminal_completion_or_precise_backend_reject	ota_or_precise_firmware_unsupported	d6ceacbfb6a5c4874440ee68199235706dc4c01b8ad75272215368479e038bd9
frame.pv0.mgmt.02.reassociation_request.ie.supported_rates	frame	send_after_continuity_fix	assigned	pv0_management_ie	parser_accept_backend_candidate	accepted	0	terminal_completion_or_precise_backend_reject	ota_or_precise_firmware_unsupported	4471a0191789f0e80c261d61a76a4e7bc6f35602088f69d1eba1e5d14fb70b80
frame.pv0.mgmt.02.reassociation_request.ie.rsn	frame	send_after_continuity_fix	assigned	pv0_management_ie	parser_accept_backend_candidate	accepted	0	terminal_completion_or_precise_backend_reject	ota_or_precise_firmware_unsupported	667ec926238f685adf7f6b36636e076232472cca072d1a54c1ad823c2ee942b8
frame.pv0.mgmt.02.reassociation_request.ie.vendor	frame	send_after_continuity_fix	assigned	pv0_management_ie	parser_accept_backend_candidate	accepted	0	terminal_completion_or_precise_backend_reject	ota_or_precise_firmware_unsupported	c3f29ca18c93b762401eccef498ad37c42efa8f897ad4879127b35d16656d88b
frame.pv0.mgmt.02.reassociation_request.ie.extension_he	frame	send_after_continuity_fix	assigned	pv0_management_ie	parser_accept_backend_candidate	accepted	0	terminal_completion_or_precise_backend_reject	ota_or_precise_firmware_unsupported	825ab227413c2f2c8da4e7cea1ac119ac25a4fff34988d1954043ae5dbaad89c
frame.pv0.mgmt.02.reassociation_request.ie.extension_eht	frame	send_after_continuity_fix	assigned	pv0_management_ie	parser_accept_backend_candidate	accepted	0	terminal_completion_or_precise_backend_reject	ota_or_precise_firmware_unsupported	3dfb08f261087776e425b7714f230934953db19fd0ddacae0db08c3e9581a01b
frame.pv0.mgmt.02.reassociation_request.ie.max_len	frame	send_after_continuity_fix	assigned	pv0_management_ie	parser_accept_backend_candidate	accepted	0	terminal_completion_or_precise_backend_reject	ota_or_precise_firmware_unsupported	385ae2797190088168db1fe9906efacdf0f6b8a6e082256188732e9824d322b7
frame.pv0.mgmt.03.reassociation_response.ie.ssid_empty	frame	send_after_continuity_fix	assigned	pv0_management_ie	parser_accept_backend_candidate	accepted	0	terminal_completion_or_precise_backend_reject	ota_or_precise_firmware_unsupported	27fca62403f6ca9604426107c24cf533d6414812ea56e7da77c5a4d627899125
frame.pv0.mgmt.03.reassociation_response.ie.ssid_max	frame	send_after_continuity_fix	assigned	pv0_management_ie	parser_accept_backend_candidate	accepted	0	terminal_completion_or_precise_backend_reject	ota_or_precise_firmware_unsupported	a8b22f155f7d63d19a10ee7af56062a9e9ae18d2cd42c9710a40235f44b5c386
frame.pv0.mgmt.03.reassociation_response.ie.supported_rates	frame	send_after_continuity_fix	assigned	pv0_management_ie	parser_accept_backend_candidate	accepted	0	terminal_completion_or_precise_backend_reject	ota_or_precise_firmware_unsupported	5549ec134677e21ffb1fc44d74874162d9d1641c09e7593c3c3f23e56c98e9ad
frame.pv0.mgmt.03.reassociation_response.ie.rsn	frame	send_after_continuity_fix	assigned	pv0_management_ie	parser_accept_backend_candidate	accepted	0	terminal_completion_or_precise_backend_reject	ota_or_precise_firmware_unsupported	025f9627da98fc72569e59f944c7659755420592a3ef314e9c06e237bac8745e
frame.pv0.mgmt.03.reassociation_response.ie.vendor	frame	send_after_continuity_fix	assigned	pv0_management_ie	parser_accept_backend_candidate	accepted	0	terminal_completion_or_precise_backend_reject	ota_or_precise_firmware_unsupported	eb2ee5ccfee9501f18a1b9d8df0e0427df211715a02123d977dbbf80ac35103a
frame.pv0.mgmt.03.reassociation_response.ie.extension_he	frame	send_after_continuity_fix	assigned	pv0_management_ie	parser_accept_backend_candidate	accepted	0	terminal_completion_or_precise_backend_reject	ota_or_precise_firmware_unsupported	a53f19bf2776b07bd0b9570a5b097c316668515b0a2a37c812f4669578ea459d
frame.pv0.mgmt.03.reassociation_response.ie.extension_eht	frame	send_after_continuity_fix	assigned	pv0_management_ie	parser_accept_backend_candidate	accepted	0	terminal_completion_or_precise_backend_reject	ota_or_precise_firmware_unsupported	38cdb91f80c7c04eedacc1bb9371a4cc5b62f0b157f7049fe5dc197a6923e03b
frame.pv0.mgmt.03.reassociation_response.ie.max_len	frame	send_after_continuity_fix	assigned	pv0_management_ie	parser_accept_backend_candidate	accepted	0	terminal_completion_or_precise_backend_reject	ota_or_precise_firmware_unsupported	fbe2781a010345922677dfb046ab5dadfe5ca4bf3df2400d9259d708aa8f299e
frame.pv0.mgmt.04.probe_request.ie.ssid_empty	frame	send_after_continuity_fix	assigned	pv0_management_ie	parser_accept_backend_candidate	accepted	0	terminal_completion_or_precise_backend_reject	ota_or_precise_firmware_unsupported	9281b24a66ad4ec5f95283b22ded0ea4f6cd9b503a3e243cac16a4884bf0c3e2
frame.pv0.mgmt.04.probe_request.ie.ssid_max	frame	send_after_continuity_fix	assigned	pv0_management_ie	parser_accept_backend_candidate	accepted	0	terminal_completion_or_precise_backend_reject	ota_or_precise_firmware_unsupported	48091b019cc33cfe176d47988cb86ec77f74666bb641aeeebae67fa2827e2afe
frame.pv0.mgmt.04.probe_request.ie.supported_rates	frame	send_after_continuity_fix	assigned	pv0_management_ie	parser_accept_backend_candidate	accepted	0	terminal_completion_or_precise_backend_reject	ota_or_precise_firmware_unsupported	8b777de2f449590daaf4f58950f70b344d0e45e46b65e37953aff79dfa03f4bc
frame.pv0.mgmt.04.probe_request.ie.rsn	frame	send_after_continuity_fix	assigned	pv0_management_ie	parser_accept_backend_candidate	accepted	0	terminal_completion_or_precise_backend_reject	ota_or_precise_firmware_unsupported	a059f17858af5e353857d579c680508b901d4e4b8ca3415b8286be53b213d52a
frame.pv0.mgmt.04.probe_request.ie.vendor	frame	send_after_continuity_fix	assigned	pv0_management_ie	parser_accept_backend_candidate	accepted	0	terminal_completion_or_precise_backend_reject	ota_or_precise_firmware_unsupported	e1c2937808362697f981bc46f987c50a80216764a419bb168b39da5e2b6310d2
frame.pv0.mgmt.04.probe_request.ie.extension_he	frame	send_after_continuity_fix	assigned	pv0_management_ie	parser_accept_backend_candidate	accepted	0	terminal_completion_or_precise_backend_reject	ota_or_precise_firmware_unsupported	2718e70a217767da28e4333305e4c97637eab75a1300daa1081f7dd94ccd3b71
frame.pv0.mgmt.04.probe_request.ie.extension_eht	frame	send_after_continuity_fix	assigned	pv0_management_ie	parser_accept_backend_candidate	accepted	0	terminal_completion_or_precise_backend_reject	ota_or_precise_firmware_unsupported	f2ce9de5a8648997e44741a0e94e5e07fb0d4a2cb5b5bd7f9d12ab0644d7a994
frame.pv0.mgmt.04.probe_request.ie.max_len	frame	send_after_continuity_fix	assigned	pv0_management_ie	parser_accept_backend_candidate	accepted	0	terminal_completion_or_precise_backend_reject	ota_or_precise_firmware_unsupported	65a5f12a4740e2452c0f8b60caf1f2234b20b3d81e8abd02acdc9935fbde7982
frame.pv0.mgmt.05.probe_response.ie.ssid_empty	frame	send_after_continuity_fix	assigned	pv0_management_ie	parser_accept_backend_candidate	accepted	0	terminal_completion_or_precise_backend_reject	ota_or_precise_firmware_unsupported	dcc9063e335adb5f585f0f4f3d2fad7558bf38dd4272f9f539f5d6ea38a4d66a
frame.pv0.mgmt.05.probe_response.ie.ssid_max	frame	send_after_continuity_fix	assigned	pv0_management_ie	parser_accept_backend_candidate	accepted	0	terminal_completion_or_precise_backend_reject	ota_or_precise_firmware_unsupported	19757d8a5dd124dac13c018bc1c62cd0e5f99e402ef975f14dc20360ea36be02
frame.pv0.mgmt.05.probe_response.ie.supported_rates	frame	send_after_continuity_fix	assigned	pv0_management_ie	parser_accept_backend_candidate	accepted	0	terminal_completion_or_precise_backend_reject	ota_or_precise_firmware_unsupported	cfb6058717d0a58701444861067c006c0ecbd9a2de0820286b3370abe806ee18
frame.pv0.mgmt.05.probe_response.ie.rsn	frame	send_after_continuity_fix	assigned	pv0_management_ie	parser_accept_backend_candidate	accepted	0	terminal_completion_or_precise_backend_reject	ota_or_precise_firmware_unsupported	6297ca55db87ba368a39ae5000720f5ac329ec9767e09044297d3038610f683f
frame.pv0.mgmt.05.probe_response.ie.vendor	frame	send_after_continuity_fix	assigned	pv0_management_ie	parser_accept_backend_candidate	accepted	0	terminal_completion_or_precise_backend_reject	ota_or_precise_firmware_unsupported	6501c6ac62105e412bbd79462a76ed4a6b411c85c07c046a14329fc71c144a23
frame.pv0.mgmt.05.probe_response.ie.extension_he	frame	send_after_continuity_fix	assigned	pv0_management_ie	parser_accept_backend_candidate	accepted	0	terminal_completion_or_precise_backend_reject	ota_or_precise_firmware_unsupported	b0ac5dd42ef8ff7e96ca0b2bbc5175e9e7265cfd218e743ab6ba5dc190045f93
frame.pv0.mgmt.05.probe_response.ie.extension_eht	frame	send_after_continuity_fix	assigned	pv0_management_ie	parser_accept_backend_candidate	accepted	0	terminal_completion_or_precise_backend_reject	ota_or_precise_firmware_unsupported	9cb48f5541bcf6c1e33db87c8a211f81cc76a4b5b448900ac3d7dacc579b2a1a
frame.pv0.mgmt.05.probe_response.ie.max_len	frame	send_after_continuity_fix	assigned	pv0_management_ie	parser_accept_backend_candidate	accepted	0	terminal_completion_or_precise_backend_reject	ota_or_precise_firmware_unsupported	3c20fdebbb03ccf08f88c962563cef4b4ad114a5f1bd2b5ffb40566486ac8349
frame.pv0.mgmt.08.beacon.ie.ssid_empty	frame	send_after_continuity_fix	assigned	pv0_management_ie	parser_accept_backend_candidate	accepted	0	terminal_completion_or_precise_backend_reject	ota_or_precise_firmware_unsupported	5dc75cb6a96efcb21accbf39a7fab457287971de4ef9f2c2276dec41803e4f4e
frame.pv0.mgmt.08.beacon.ie.ssid_max	frame	send_after_continuity_fix	assigned	pv0_management_ie	parser_accept_backend_candidate	accepted	0	terminal_completion_or_precise_backend_reject	ota_or_precise_firmware_unsupported	7471a0ae94b593c3dcbd39768e0b6b3a93a4485edfce56f64d4393ebdf152cbb
frame.pv0.mgmt.08.beacon.ie.supported_rates	frame	send_after_continuity_fix	assigned	pv0_management_ie	parser_accept_backend_candidate	accepted	0	terminal_completion_or_precise_backend_reject	ota_or_precise_firmware_unsupported	021597af3cf43db5c80d83523bbd82a9219cafeb4595e2db0ddc39a3e5d3eb00
frame.pv0.mgmt.08.beacon.ie.rsn	frame	send_after_continuity_fix	assigned	pv0_management_ie	parser_accept_backend_candidate	accepted	0	terminal_completion_or_precise_backend_reject	ota_or_precise_firmware_unsupported	b3930e79a7158b3e07acd923906fb9df16a3df0e6eb224fbd216486561f9ae73
frame.pv0.mgmt.08.beacon.ie.vendor	frame	send_after_continuity_fix	assigned	pv0_management_ie	parser_accept_backend_candidate	accepted	0	terminal_completion_or_precise_backend_reject	ota_or_precise_firmware_unsupported	7ca15170f68aadfbb596612bc98eaa5d56f86c58d43b28ae3a0232484e80153e
frame.pv0.mgmt.08.beacon.ie.extension_he	frame	send_after_continuity_fix	assigned	pv0_management_ie	parser_accept_backend_candidate	accepted	0	terminal_completion_or_precise_backend_reject	ota_or_precise_firmware_unsupported	58ea153692001bcbd0c656306e18588cf2349d66e4176b06874a8d45c586a682
frame.pv0.mgmt.08.beacon.ie.extension_eht	frame	send_after_continuity_fix	assigned	pv0_management_ie	parser_accept_backend_candidate	accepted	0	terminal_completion_or_precise_backend_reject	ota_or_precise_firmware_unsupported	47d768d70cd9615ee0e543cefc9af78034df91cfa65e26a24d55855ac0e9bf89
frame.pv0.mgmt.08.beacon.ie.max_len	frame	send_after_continuity_fix	assigned	pv0_management_ie	parser_accept_backend_candidate	accepted	0	terminal_completion_or_precise_backend_reject	ota_or_precise_firmware_unsupported	65b1aa0116a0be141060e86a4652438c8ba91f60a708aa10e2aac11c2d0610e3
frame.pv0.mgmt.10.disassociation.ie.ssid_empty	frame	send_after_continuity_fix	assigned	pv0_management_ie	parser_accept_backend_candidate	accepted	0	terminal_completion_or_precise_backend_reject	ota_or_precise_firmware_unsupported	96baf1c68b3e93fc7d144de29396abf20cf413b8dda40d1dc6a336d85af0cf5b
frame.pv0.mgmt.10.disassociation.ie.ssid_max	frame	send_after_continuity_fix	assigned	pv0_management_ie	parser_accept_backend_candidate	accepted	0	terminal_completion_or_precise_backend_reject	ota_or_precise_firmware_unsupported	7a9c025ceca3b1afb735a17f7b86dfc6cc0ea5788717e781b703d3d4e3c6e2d8
frame.pv0.mgmt.10.disassociation.ie.supported_rates	frame	send_after_continuity_fix	assigned	pv0_management_ie	parser_accept_backend_candidate	accepted	0	terminal_completion_or_precise_backend_reject	ota_or_precise_firmware_unsupported	f6e704cd8941d7fb90e5398cd69d0c3a61b307d03d64f8036454053170fe9de7
frame.pv0.mgmt.10.disassociation.ie.rsn	frame	send_after_continuity_fix	assigned	pv0_management_ie	parser_accept_backend_candidate	accepted	0	terminal_completion_or_precise_backend_reject	ota_or_precise_firmware_unsupported	664d897dcf908d4eb7af47cb2a12eba5452ecf87c84351d2f6cf5b02e1e29f9e
frame.pv0.mgmt.10.disassociation.ie.vendor	frame	send_after_continuity_fix	assigned	pv0_management_ie	parser_accept_backend_candidate	accepted	0	terminal_completion_or_precise_backend_reject	ota_or_precise_firmware_unsupported	a13dfd2337a18eeb10d54922e3d9965486c4f3c6f462ae390379f99be450e71e
frame.pv0.mgmt.10.disassociation.ie.extension_he	frame	send_after_continuity_fix	assigned	pv0_management_ie	parser_accept_backend_candidate	accepted	0	terminal_completion_or_precise_backend_reject	ota_or_precise_firmware_unsupported	1e3cdfa1139205acf278f3d37e71b570fc897249cf2f8651591161006a4c9e95
frame.pv0.mgmt.10.disassociation.ie.extension_eht	frame	send_after_continuity_fix	assigned	pv0_management_ie	parser_accept_backend_candidate	accepted	0	terminal_completion_or_precise_backend_reject	ota_or_precise_firmware_unsupported	fe20af33e6b6fa1c0089e9585ac50b9de4ceb31827b744b236b02ba51c3d0022
frame.pv0.mgmt.10.disassociation.ie.max_len	frame	send_after_continuity_fix	assigned	pv0_management_ie	parser_accept_backend_candidate	accepted	0	terminal_completion_or_precise_backend_reject	ota_or_precise_firmware_unsupported	01f5b1b940fd5261af3453623cd9f0bfc6a1ee37b6ca84a111227c100966672c
frame.pv0.mgmt.11.authentication.ie.ssid_empty	frame	send_after_continuity_fix	assigned	pv0_management_ie	parser_accept_backend_candidate	accepted	0	terminal_completion_or_precise_backend_reject	ota_or_precise_firmware_unsupported	f370ab500700534c66842e46d5b660bb8ade4b2f0259f34380b871c2f617afe2
frame.pv0.mgmt.11.authentication.ie.ssid_max	frame	send_after_continuity_fix	assigned	pv0_management_ie	parser_accept_backend_candidate	accepted	0	terminal_completion_or_precise_backend_reject	ota_or_precise_firmware_unsupported	8a52b6a02c9fd889f2c240028aa9ec846d980fd74cbcb22ea6f80e630c935932
frame.pv0.mgmt.11.authentication.ie.supported_rates	frame	send_after_continuity_fix	assigned	pv0_management_ie	parser_accept_backend_candidate	accepted	0	terminal_completion_or_precise_backend_reject	ota_or_precise_firmware_unsupported	0d71810be345af80a38b9edfa0240864c155b4b52a841cd90bccff84e9333b73
frame.pv0.mgmt.11.authentication.ie.rsn	frame	send_after_continuity_fix	assigned	pv0_management_ie	parser_accept_backend_candidate	accepted	0	terminal_completion_or_precise_backend_reject	ota_or_precise_firmware_unsupported	acb5e0462e47b91797b16aa3eeba1efd8e88565840a499cbf5bbd788093e2706
frame.pv0.mgmt.11.authentication.ie.vendor	frame	send_after_continuity_fix	assigned	pv0_management_ie	parser_accept_backend_candidate	accepted	0	terminal_completion_or_precise_backend_reject	ota_or_precise_firmware_unsupported	17d9128ef45d6f8a8875b3f02d6850c1d4d9dd08d9f4b8573f9dbda83239378c
frame.pv0.mgmt.11.authentication.ie.extension_he	frame	send_after_continuity_fix	assigned	pv0_management_ie	parser_accept_backend_candidate	accepted	0	terminal_completion_or_precise_backend_reject	ota_or_precise_firmware_unsupported	14164a0de1dee177632e5ca93b94096c9a096ecb99447bcdffce555bb883a44a
frame.pv0.mgmt.11.authentication.ie.extension_eht	frame	send_after_continuity_fix	assigned	pv0_management_ie	parser_accept_backend_candidate	accepted	0	terminal_completion_or_precise_backend_reject	ota_or_precise_firmware_unsupported	86c733eabef77b964f6c7d36947532fbef9c389764f62f49e654d85ddb5fb251
frame.pv0.mgmt.11.authentication.ie.max_len	frame	send_after_continuity_fix	assigned	pv0_management_ie	parser_accept_backend_candidate	accepted	0	terminal_completion_or_precise_backend_reject	ota_or_precise_firmware_unsupported	059545fd5e6fd27af9ddd78817dedbf538a73279fad223caeb733e067014a35a
frame.pv0.mgmt.12.deauthentication.ie.ssid_empty	frame	send_after_continuity_fix	assigned	pv0_management_ie	parser_accept_backend_candidate	accepted	0	terminal_completion_or_precise_backend_reject	ota_or_precise_firmware_unsupported	6a19ee34af6f0b96f57fecdf6a211ea72af9787c28e0dc1036a3363080118e57
frame.pv0.mgmt.12.deauthentication.ie.ssid_max	frame	send_after_continuity_fix	assigned	pv0_management_ie	parser_accept_backend_candidate	accepted	0	terminal_completion_or_precise_backend_reject	ota_or_precise_firmware_unsupported	cd2c49f57efe089fb3bbad5a65e853e69f5aba427eea7857abf7dd216feb7b57
frame.pv0.mgmt.12.deauthentication.ie.supported_rates	frame	send_after_continuity_fix	assigned	pv0_management_ie	parser_accept_backend_candidate	accepted	0	terminal_completion_or_precise_backend_reject	ota_or_precise_firmware_unsupported	27d0f61fa05f97e364d754b50e0d82158cfadb527e4408cb19daf30ef54e9e55
frame.pv0.mgmt.12.deauthentication.ie.rsn	frame	send_after_continuity_fix	assigned	pv0_management_ie	parser_accept_backend_candidate	accepted	0	terminal_completion_or_precise_backend_reject	ota_or_precise_firmware_unsupported	52b4d411548b7d81dcbe9d8841b9bd506e76bc09640827912726c8adf93becdf
frame.pv0.mgmt.12.deauthentication.ie.vendor	frame	send_after_continuity_fix	assigned	pv0_management_ie	parser_accept_backend_candidate	accepted	0	terminal_completion_or_precise_backend_reject	ota_or_precise_firmware_unsupported	2823a5331cbbf577afddfb4986aa7bc5518c7dac13189baa142ab90ed5b86f08
frame.pv0.mgmt.12.deauthentication.ie.extension_he	frame	send_after_continuity_fix	assigned	pv0_management_ie	parser_accept_backend_candidate	accepted	0	terminal_completion_or_precise_backend_reject	ota_or_precise_firmware_unsupported	ad74444a4e44371d7550ce82fe32be5e1e4c420c16bbd60825948a94eb4e3177
frame.pv0.mgmt.12.deauthentication.ie.extension_eht	frame	send_after_continuity_fix	assigned	pv0_management_ie	parser_accept_backend_candidate	accepted	0	terminal_completion_or_precise_backend_reject	ota_or_precise_firmware_unsupported	63335e822e6cc5e78178bca9bbb768cb1d1a4ef028c4064f56ead4a98e65024a
frame.pv0.mgmt.12.deauthentication.ie.max_len	frame	send_after_continuity_fix	assigned	pv0_management_ie	parser_accept_backend_candidate	accepted	0	terminal_completion_or_precise_backend_reject	ota_or_precise_firmware_unsupported	fa8672d44bd48c2ebac4d306484ad30e9bf65e90596a3cc5e986ba611d0dfad5
frame.pv0.mgmt.13.action.category.000	frame	send_after_continuity_fix	assigned	pv0_management_action	parser_accept_backend_candidate	accepted	0	terminal_completion_or_precise_backend_reject	ota_or_precise_firmware_unsupported	66e70e8ea992a173f9f2cc441409a4be348730884d5f6571ead45ba13245b36e
frame.pv0.mgmt.13.action.category.001	frame	send_after_continuity_fix	assigned	pv0_management_action	parser_accept_backend_candidate	accepted	0	terminal_completion_or_precise_backend_reject	ota_or_precise_firmware_unsupported	abc0d574614f8d1a41d17edd5e35ff31d8ef93ba23c69ae70c5106b1de2e0b86
frame.pv0.mgmt.13.action.category.002	frame	send_after_continuity_fix	assigned	pv0_management_action	parser_accept_backend_candidate	accepted	0	terminal_completion_or_precise_backend_reject	ota_or_precise_firmware_unsupported	7d54999835eb8415a4448bbd23973a9d42e96ae235f4f53b7b02b9a32b0e34ba
frame.pv0.mgmt.13.action.category.003	frame	send_after_continuity_fix	assigned	pv0_management_action	parser_accept_backend_candidate	accepted	0	terminal_completion_or_precise_backend_reject	ota_or_precise_firmware_unsupported	bcb9bca87d244ff95a2af883a8b66915cd06761bce3c296d5ef3079bffa49cb1
frame.pv0.mgmt.13.action.category.004	frame	send_after_continuity_fix	assigned	pv0_management_action	parser_accept_backend_candidate	accepted	0	terminal_completion_or_precise_backend_reject	ota_or_precise_firmware_unsupported	a5e05537ae9b487f3d330123076848db9f9098828712613bc63bdd3f7a7055cd
frame.pv0.mgmt.13.action.category.005	frame	send_after_continuity_fix	assigned	pv0_management_action	parser_accept_backend_candidate	accepted	0	terminal_completion_or_precise_backend_reject	ota_or_precise_firmware_unsupported	1adbb0e4653193603578caa444a37396255bfaab19da522e623c314362581c7a
frame.pv0.mgmt.13.action.category.006	frame	send_after_continuity_fix	assigned	pv0_management_action	parser_accept_backend_candidate	accepted	0	terminal_completion_or_precise_backend_reject	ota_or_precise_firmware_unsupported	04bd8a6fc7d45c33547380f015446be5056e75c8e0789c850ebf936d5e13357b
frame.pv0.mgmt.13.action.category.007	frame	send_after_continuity_fix	assigned	pv0_management_action	parser_accept_backend_candidate	accepted	0	terminal_completion_or_precise_backend_reject	ota_or_precise_firmware_unsupported	397d877f2adc764cebce6bc61ca52bd8afcd69cc683d0b6f3d0006d07db824a4
frame.pv0.mgmt.13.action.category.008	frame	send_after_continuity_fix	assigned	pv0_management_action	parser_accept_backend_candidate	accepted	0	terminal_completion_or_precise_backend_reject	ota_or_precise_firmware_unsupported	5f346f8c357d246947ba997a19230c29720cfe6e7449ca19562fcc4eb0d68590
frame.pv0.mgmt.13.action.category.009	frame	send_after_continuity_fix	assigned	pv0_management_action	parser_accept_backend_candidate	accepted	0	terminal_completion_or_precise_backend_reject	ota_or_precise_firmware_unsupported	0829f335fe62c4a552821edb044120225214ec9931434e99322892cab39485a7
frame.pv0.mgmt.13.action.category.010	frame	send_after_continuity_fix	assigned	pv0_management_action	parser_accept_backend_candidate	accepted	0	terminal_completion_or_precise_backend_reject	ota_or_precise_firmware_unsupported	717312e7a36e3903b841ba139519b171cc1c6ee27216fd248d15df856e61f763
frame.pv0.mgmt.13.action.category.011	frame	send_after_continuity_fix	assigned	pv0_management_action	parser_accept_backend_candidate	accepted	0	terminal_completion_or_precise_backend_reject	ota_or_precise_firmware_unsupported	85cce2d02d3ed542cb945c2654eef1ee0abecdfbc8bf1a32a4509a195e773f55
frame.pv0.mgmt.13.action.category.012	frame	send_after_continuity_fix	assigned	pv0_management_action	parser_accept_backend_candidate	accepted	0	terminal_completion_or_precise_backend_reject	ota_or_precise_firmware_unsupported	248b08799e7b4a1b76cfa7e6a3104280cd9d625a71e1b42eaee63949ce6a2fdd
frame.pv0.mgmt.13.action.category.013	frame	send_after_continuity_fix	assigned	pv0_management_action	parser_accept_backend_candidate	accepted	0	terminal_completion_or_precise_backend_reject	ota_or_precise_firmware_unsupported	98dab33fc6b8beebc87097d93ebad539f3093aa1ed4861ffaffd3a1170c3dcf0
frame.pv0.mgmt.13.action.category.014	frame	send_after_continuity_fix	assigned	pv0_management_action	parser_accept_backend_candidate	accepted	0	terminal_completion_or_precise_backend_reject	ota_or_precise_firmware_unsupported	74b9c3d1e0715bf0d16d0c3b65c2c6851162575d3121b6640b09b1fc924388c5
frame.pv0.mgmt.13.action.category.015	frame	send_after_continuity_fix	assigned	pv0_management_action	parser_accept_backend_candidate	accepted	0	terminal_completion_or_precise_backend_reject	ota_or_precise_firmware_unsupported	7f1d1cb28746600796ab463496c84437fadc37a73be6b9d2cb0ea28940229e91
frame.pv0.mgmt.13.action.category.016	frame	send_after_continuity_fix	assigned	pv0_management_action	parser_accept_backend_candidate	accepted	0	terminal_completion_or_precise_backend_reject	ota_or_precise_firmware_unsupported	40f06b7581cc184a83a66f643a39f237df4f3caf1b77707494476987018916c6
frame.pv0.mgmt.13.action.category.017	frame	send_after_continuity_fix	assigned	pv0_management_action	parser_accept_backend_candidate	accepted	0	terminal_completion_or_precise_backend_reject	ota_or_precise_firmware_unsupported	d1414cd4dbefd4e537b5fa0695b4e48f31ef0e2c3d95d25f3c683ba2e1272c0b
frame.pv0.mgmt.13.action.category.018	frame	send_after_continuity_fix	assigned	pv0_management_action	parser_accept_backend_candidate	accepted	0	terminal_completion_or_precise_backend_reject	ota_or_precise_firmware_unsupported	f6830f4de34182a4ffb18a3f040de23b3dd816c425b3c7ef0f6a1a066967ffb5
frame.pv0.mgmt.13.action.category.020	frame	send_after_continuity_fix	assigned	pv0_management_action	parser_accept_backend_candidate	accepted	0	terminal_completion_or_precise_backend_reject	ota_or_precise_firmware_unsupported	d75806a5cb48ed1412e6b4fae72d93433e2f5e6de1f9349f6eda25440a169f3a
frame.pv0.mgmt.13.action.category.021	frame	send_after_continuity_fix	assigned	pv0_management_action	parser_accept_backend_candidate	accepted	0	terminal_completion_or_precise_backend_reject	ota_or_precise_firmware_unsupported	238512410366b3fd2a64bc6495c0ee3da02b409b7256929140242cb4d3505b14
frame.pv0.mgmt.13.action.category.022	frame	send_after_continuity_fix	assigned	pv0_management_action	parser_accept_backend_candidate	accepted	0	terminal_completion_or_precise_backend_reject	ota_or_precise_firmware_unsupported	7907722181184350bce28ffc7c4b85974f39ad352951bf156d935b6274f74b93
frame.pv0.mgmt.13.action.category.023	frame	send_after_continuity_fix	assigned	pv0_management_action	parser_accept_backend_candidate	accepted	0	terminal_completion_or_precise_backend_reject	ota_or_precise_firmware_unsupported	91d84f75cc5922dfbc917b7ccaedbd65d232bd848c6167314e2f83601c715551
frame.pv0.mgmt.13.action.category.126	frame	send_after_continuity_fix	assigned	pv0_management_action	parser_accept_backend_candidate	accepted	0	terminal_completion_or_precise_backend_reject	ota_or_precise_firmware_unsupported	a4cf1ff63ed8c2ea0e4371571862bff696bb86219989fd139ae9ff8d275153c4
frame.pv0.mgmt.13.action.category.127	frame	send_after_continuity_fix	assigned	pv0_management_action	parser_accept_backend_candidate	accepted	0	terminal_completion_or_precise_backend_reject	ota_or_precise_firmware_unsupported	c3c0d6182115c5b1da4893be00a369e2e401a1548b438498c8de94b7dea11971
frame.pv0.mgmt.14.action_no_ack.category.000	frame	send_after_continuity_fix	assigned	pv0_management_action	parser_accept_backend_candidate	accepted	0	terminal_completion_or_precise_backend_reject	ota_or_precise_firmware_unsupported	d8122added9c9fc8f1b6c6d1a58997b704da05b7800c6237988ecdd834b49e9c
frame.pv0.mgmt.14.action_no_ack.category.001	frame	send_after_continuity_fix	assigned	pv0_management_action	parser_accept_backend_candidate	accepted	0	terminal_completion_or_precise_backend_reject	ota_or_precise_firmware_unsupported	40a787385d0ce635c5c85ca5c0253b5ad12c242d49dfe37e4038f82f9f51ef3d
frame.pv0.mgmt.14.action_no_ack.category.002	frame	send_after_continuity_fix	assigned	pv0_management_action	parser_accept_backend_candidate	accepted	0	terminal_completion_or_precise_backend_reject	ota_or_precise_firmware_unsupported	94ed00713f11f7cf774141ccc3bdd5a50ef72cbb2bbd4d4ede03751a9a36040d
frame.pv0.mgmt.14.action_no_ack.category.003	frame	send_after_continuity_fix	assigned	pv0_management_action	parser_accept_backend_candidate	accepted	0	terminal_completion_or_precise_backend_reject	ota_or_precise_firmware_unsupported	7357b86babad6baec558756bbf4011fd4f1316a4239f682277cb22ca5369e5fb
frame.pv0.mgmt.14.action_no_ack.category.004	frame	send_after_continuity_fix	assigned	pv0_management_action	parser_accept_backend_candidate	accepted	0	terminal_completion_or_precise_backend_reject	ota_or_precise_firmware_unsupported	0a7baf53ce757300cee786cf1a7a539c04d8275dcf6c9d4c4fe5f57c52c54c6f
frame.pv0.mgmt.14.action_no_ack.category.005	frame	send_after_continuity_fix	assigned	pv0_management_action	parser_accept_backend_candidate	accepted	0	terminal_completion_or_precise_backend_reject	ota_or_precise_firmware_unsupported	aa9ffb24aeda389c60221ee7b9b18ee80ad791acbdd9254dd3d59d19e0e5ca7c
frame.pv0.mgmt.14.action_no_ack.category.006	frame	send_after_continuity_fix	assigned	pv0_management_action	parser_accept_backend_candidate	accepted	0	terminal_completion_or_precise_backend_reject	ota_or_precise_firmware_unsupported	7949cea3eeabbc2cef6654c439fbf7ff97a0e87a1cbcc15044dd5b5c92d7c5b9
frame.pv0.mgmt.14.action_no_ack.category.007	frame	send_after_continuity_fix	assigned	pv0_management_action	parser_accept_backend_candidate	accepted	0	terminal_completion_or_precise_backend_reject	ota_or_precise_firmware_unsupported	20dcd8156e08f660f1ec5e2040aba40ed9c1c0efa337042ac5121639e8bc081e
frame.pv0.mgmt.14.action_no_ack.category.008	frame	send_after_continuity_fix	assigned	pv0_management_action	parser_accept_backend_candidate	accepted	0	terminal_completion_or_precise_backend_reject	ota_or_precise_firmware_unsupported	69c6e750f3d76c2a596a0ce9f1daf841729e6715df8b87715303e761cacc8ddc
frame.pv0.mgmt.14.action_no_ack.category.009	frame	send_after_continuity_fix	assigned	pv0_management_action	parser_accept_backend_candidate	accepted	0	terminal_completion_or_precise_backend_reject	ota_or_precise_firmware_unsupported	02d82ca6f2404cb9370fb778d5eb9229b40db30c2df1e1f15ec926e783f9622d
frame.pv0.mgmt.14.action_no_ack.category.010	frame	send_after_continuity_fix	assigned	pv0_management_action	parser_accept_backend_candidate	accepted	0	terminal_completion_or_precise_backend_reject	ota_or_precise_firmware_unsupported	21d14eef26753982b16de08fa9308c0b2758687ebe6ae837c292284423608643
frame.pv0.mgmt.14.action_no_ack.category.011	frame	send_after_continuity_fix	assigned	pv0_management_action	parser_accept_backend_candidate	accepted	0	terminal_completion_or_precise_backend_reject	ota_or_precise_firmware_unsupported	8b246944d0399de3790fdf13c3c15c39c09a4be9fbc87b9755c9b50fc0a85e7e
frame.pv0.mgmt.14.action_no_ack.category.012	frame	send_after_continuity_fix	assigned	pv0_management_action	parser_accept_backend_candidate	accepted	0	terminal_completion_or_precise_backend_reject	ota_or_precise_firmware_unsupported	84185dbe19ece44906c35853dfcfb9c4a2750f5d4c8c0e6ace2620ca4713bc8d
frame.pv0.mgmt.14.action_no_ack.category.013	frame	send_after_continuity_fix	assigned	pv0_management_action	parser_accept_backend_candidate	accepted	0	terminal_completion_or_precise_backend_reject	ota_or_precise_firmware_unsupported	9402aa6280fa53aaf802614644b27d2e21d367e77c06b82f3229c148fc461d35
frame.pv0.mgmt.14.action_no_ack.category.014	frame	send_after_continuity_fix	assigned	pv0_management_action	parser_accept_backend_candidate	accepted	0	terminal_completion_or_precise_backend_reject	ota_or_precise_firmware_unsupported	6a8d871c95116e48ddaa569ab9ed07c6b0ed9fb339f46707dd3c49f260739668
frame.pv0.mgmt.14.action_no_ack.category.015	frame	send_after_continuity_fix	assigned	pv0_management_action	parser_accept_backend_candidate	accepted	0	terminal_completion_or_precise_backend_reject	ota_or_precise_firmware_unsupported	ac08afbea9dc6081d785254253e30e12f1c32e0ba7166124f70cff39eb17c8de
frame.pv0.mgmt.14.action_no_ack.category.016	frame	send_after_continuity_fix	assigned	pv0_management_action	parser_accept_backend_candidate	accepted	0	terminal_completion_or_precise_backend_reject	ota_or_precise_firmware_unsupported	55a8b7eaa1b32bad601107bab0e2436efc82797c2c642eb7b2b2ea0fdcc783ff
frame.pv0.mgmt.14.action_no_ack.category.017	frame	send_after_continuity_fix	assigned	pv0_management_action	parser_accept_backend_candidate	accepted	0	terminal_completion_or_precise_backend_reject	ota_or_precise_firmware_unsupported	2b987fef693d3b01a80475bdcb0499e243f7adf55dc115d4fb3ed66e1258cc32
frame.pv0.mgmt.14.action_no_ack.category.018	frame	send_after_continuity_fix	assigned	pv0_management_action	parser_accept_backend_candidate	accepted	0	terminal_completion_or_precise_backend_reject	ota_or_precise_firmware_unsupported	b6d69eb30dd8c160ed3af84660cb5248832d2bf731603da3cf23b45660e15bb5
frame.pv0.mgmt.14.action_no_ack.category.020	frame	send_after_continuity_fix	assigned	pv0_management_action	parser_accept_backend_candidate	accepted	0	terminal_completion_or_precise_backend_reject	ota_or_precise_firmware_unsupported	2cd97ae9ee42fabad39559130ed47e846c5a7c34d7c7f289646d375e97974e28
frame.pv0.mgmt.14.action_no_ack.category.021	frame	send_after_continuity_fix	assigned	pv0_management_action	parser_accept_backend_candidate	accepted	0	terminal_completion_or_precise_backend_reject	ota_or_precise_firmware_unsupported	11727246855e7d179a271007771496f9436eb25b7e024b5f8cc7152b88620104
frame.pv0.mgmt.14.action_no_ack.category.022	frame	send_after_continuity_fix	assigned	pv0_management_action	parser_accept_backend_candidate	accepted	0	terminal_completion_or_precise_backend_reject	ota_or_precise_firmware_unsupported	6dbe9085988139ebd7bc60d10fe22a0c8663cbeb6c2d8501d248260af2269cda
frame.pv0.mgmt.14.action_no_ack.category.023	frame	send_after_continuity_fix	assigned	pv0_management_action	parser_accept_backend_candidate	accepted	0	terminal_completion_or_precise_backend_reject	ota_or_precise_firmware_unsupported	042218d6ed1b64c2ff0c1e24ca6d9cd4cdad2b8101f0a809651b4c55379a7a29
frame.pv0.mgmt.14.action_no_ack.category.126	frame	send_after_continuity_fix	assigned	pv0_management_action	parser_accept_backend_candidate	accepted	0	terminal_completion_or_precise_backend_reject	ota_or_precise_firmware_unsupported	4572385e6070f196894addc212f390dfe055f049ff668ee5740b1d5c855f1d2a
frame.pv0.mgmt.14.action_no_ack.category.127	frame	send_after_continuity_fix	assigned	pv0_management_action	parser_accept_backend_candidate	accepted	0	terminal_completion_or_precise_backend_reject	ota_or_precise_firmware_unsupported	90651cc6a19d91d751d9165b25a943e24215421436234de09d15cd147073d97c
frame.pv0.mgmt.00.association_request.ht_control	frame	send_after_continuity_fix	assigned	pv0_management_ht_control	parser_accept_backend_candidate	accepted	0	terminal_completion_or_precise_backend_reject	ota_or_precise_firmware_unsupported	5c84a27fb7b1d8c1800bf1bcdd725d17ab00c3348cc0c73a05e5370d789ec275
frame.pv0.mgmt.01.association_response.ht_control	frame	send_after_continuity_fix	assigned	pv0_management_ht_control	parser_accept_backend_candidate	accepted	0	terminal_completion_or_precise_backend_reject	ota_or_precise_firmware_unsupported	ef2cd627b344a57786d270e7517aacd485b5cea538975262c06c7c5897c34923
frame.pv0.mgmt.02.reassociation_request.ht_control	frame	send_after_continuity_fix	assigned	pv0_management_ht_control	parser_accept_backend_candidate	accepted	0	terminal_completion_or_precise_backend_reject	ota_or_precise_firmware_unsupported	76d6d40de0963bf4e4e1a62feb9f0fd94f1620f35dbe68cbaa9a6ba418f6aff9
frame.pv0.mgmt.03.reassociation_response.ht_control	frame	send_after_continuity_fix	assigned	pv0_management_ht_control	parser_accept_backend_candidate	accepted	0	terminal_completion_or_precise_backend_reject	ota_or_precise_firmware_unsupported	8c2d0a0709f6e9a7477383499eab86dc1ac58f159c4149e734e2d876db2c39df
frame.pv0.mgmt.04.probe_request.ht_control	frame	send_after_continuity_fix	assigned	pv0_management_ht_control	parser_accept_backend_candidate	accepted	0	terminal_completion_or_precise_backend_reject	ota_or_precise_firmware_unsupported	df70afd523499f86f83cd978a1b52422e4614a61e928812d9964d3a84d375afe
frame.pv0.mgmt.05.probe_response.ht_control	frame	send_after_continuity_fix	assigned	pv0_management_ht_control	parser_accept_backend_candidate	accepted	0	terminal_completion_or_precise_backend_reject	ota_or_precise_firmware_unsupported	e2190c354b1c41cc7bae9f23669c66dbd056101c0498050f6637d723a644655d
frame.pv0.mgmt.06.timing_advertisement.ht_control	frame	send_after_continuity_fix	assigned	pv0_management_ht_control	parser_accept_backend_candidate	accepted	0	terminal_completion_or_precise_backend_reject	ota_or_precise_firmware_unsupported	a3345e2cfbb103236f7fbdedf38ebacb91b3d35e6b9d85648b5d3cc66215c265
frame.pv0.mgmt.08.beacon.ht_control	frame	send_after_continuity_fix	assigned	pv0_management_ht_control	parser_accept_backend_candidate	accepted	0	terminal_completion_or_precise_backend_reject	ota_or_precise_firmware_unsupported	e581de194fc6e6862442729345f86c79f801ac24125513ee558ea58474775b3e
frame.pv0.mgmt.09.atim.ht_control	frame	send_after_continuity_fix	assigned	pv0_management_ht_control	parser_accept_backend_candidate	accepted	0	terminal_completion_or_precise_backend_reject	ota_or_precise_firmware_unsupported	c026241438cfe3b9604822e657d10ff77734b9b39624b32da40224f797b27ed3
frame.pv0.mgmt.10.disassociation.ht_control	frame	send_after_continuity_fix	assigned	pv0_management_ht_control	parser_accept_backend_candidate	accepted	0	terminal_completion_or_precise_backend_reject	ota_or_precise_firmware_unsupported	ae4d4f459368ce8b3624925364ee1927138e03adec0489c98fa0f305b6d4abf7
frame.pv0.mgmt.11.authentication.ht_control	frame	send_after_continuity_fix	assigned	pv0_management_ht_control	parser_accept_backend_candidate	accepted	0	terminal_completion_or_precise_backend_reject	ota_or_precise_firmware_unsupported	f289c63e72f40d6fb819b312500fe20e22985668457109d673e0b25bb76739d3
frame.pv0.mgmt.12.deauthentication.ht_control	frame	send_after_continuity_fix	assigned	pv0_management_ht_control	parser_accept_backend_candidate	accepted	0	terminal_completion_or_precise_backend_reject	ota_or_precise_firmware_unsupported	47214287e3586ca06e41e0a7275edba516f89dd77ed875ba8ec58dcb6e26c953
frame.pv0.mgmt.13.action.ht_control	frame	send_after_continuity_fix	assigned	pv0_management_ht_control	parser_accept_backend_candidate	accepted	0	terminal_completion_or_precise_backend_reject	ota_or_precise_firmware_unsupported	9bc01088e2ded2a54406e156b6bc47c616edd01f9af7c62e3b91970812154c39
frame.pv0.mgmt.14.action_no_ack.ht_control	frame	send_after_continuity_fix	assigned	pv0_management_ht_control	parser_accept_backend_candidate	accepted	0	terminal_completion_or_precise_backend_reject	ota_or_precise_firmware_unsupported	d14238821fedbedfc2561b13cceac8db83df2eca6083cd4c445f77042a6842d3
frame.pv0.mgmt.ds.tods	frame	send_after_continuity_fix	assigned	pv0_management_ds	parser_accept_backend_candidate	accepted	0	terminal_completion_or_precise_backend_reject	ota_or_precise_firmware_unsupported	2213ce646bb793c300abfaa3337e1cecdfaf11f01139810bb0bf648b8f87a452
frame.pv0.mgmt.ds.fromds	frame	send_after_continuity_fix	assigned	pv0_management_ds	parser_accept_backend_candidate	accepted	0	terminal_completion_or_precise_backend_reject	ota_or_precise_firmware_unsupported	06c8ff1180a04b1c7b46b7ddaa63ac33de82f728db9a8d73afe755efab02ebcb
frame.pv0.mgmt.ds.tods_fromds_a4	frame	send_after_continuity_fix	assigned	pv0_management_ds	parser_accept_backend_candidate	accepted	0	terminal_completion_or_precise_backend_reject	ota_or_precise_firmware_unsupported	0ec8dc136fc7db2d22aead98d432c9829c4aeedea7902172b73ce0a9058ea01f
frame.pv0.control.02.trigger.minimal	frame	send_after_continuity_fix	assigned	pv0_control	parser_accept_backend_candidate	accepted	0	terminal_completion_or_precise_backend_reject	ota_or_precise_firmware_unsupported	7200fe936b58d2b0d1ae5cb9d2252c07edbc887fa7a05394c9e70ceb159bc7b4
frame.pv0.control.02.trigger.minimum_minus_one	frame	parse_only	malformed	pv0_control_boundary	parse_reject_einval	rejected	-22	precise_parser_reject_without_submit	reject_without_submit	030a363f8e3efa9fe4e29029ce550fd8a222afc748e951ded44a188d004e6ad8
frame.pv0.control.03.twt_ack.minimal	frame	send_after_continuity_fix	assigned	pv0_control	parser_accept_backend_candidate	accepted	0	terminal_completion_or_precise_backend_reject	ota_or_precise_firmware_unsupported	4f6a07285fd89ad40ba71f8a1c22497e9aee6fb02b85116565def2ac2e722f46
frame.pv0.control.03.twt_ack.minimum_minus_one	frame	parse_only	malformed	pv0_control_boundary	parse_reject_einval	rejected	-22	precise_parser_reject_without_submit	reject_without_submit	dae99e06df5feed4557dc0e55ad97ada73eac43caedfb94b91960ba1aacb439b
frame.pv0.control.04.beamforming_report_poll.minimal	frame	send_after_continuity_fix	assigned	pv0_control	parser_accept_backend_candidate	accepted	0	terminal_completion_or_precise_backend_reject	ota_or_precise_firmware_unsupported	9291f5f3fd37a5d7703874d73cad8d75cf45d21ca5d4f8188a2ff3f988f47c83
frame.pv0.control.04.beamforming_report_poll.minimum_minus_one	frame	parse_only	malformed	pv0_control_boundary	parse_reject_einval	rejected	-22	precise_parser_reject_without_submit	reject_without_submit	b915b5113bd1dd29923df9c00f2fcaaf6dd5cc33ede13322167d937ad60ba0eb
frame.pv0.control.05.vht_he_eht_ranging_ndp_announcement.minimal	frame	send_after_continuity_fix	assigned	pv0_control	parser_accept_backend_candidate	accepted	0	terminal_completion_or_precise_backend_reject	ota_or_precise_firmware_unsupported	6bf0df58fb31381159c1c6e61d353e6e2c9d8d929e42125a90c5460705788274
frame.pv0.control.05.vht_he_eht_ranging_ndp_announcement.minimum_minus_one	frame	parse_only	malformed	pv0_control_boundary	parse_reject_einval	rejected	-22	precise_parser_reject_without_submit	reject_without_submit	b1b45a6e50cdca3deeabc84d9c5d7b36ed710734d3e2058084fb224bd63864f9
frame.pv0.control.06.control_extension.minimal	frame	send_after_continuity_fix	assigned	pv0_control	parser_accept_backend_candidate	accepted	0	terminal_completion_or_precise_backend_reject	ota_or_precise_firmware_unsupported	4c57ea16f06a5cb715c2a19cfa4534cc16db3db51008aa5facd38e99c2b85624
frame.pv0.control.06.control_extension.minimum_minus_one	frame	parse_only	malformed	pv0_control_boundary	parse_reject_einval	rejected	-22	precise_parser_reject_without_submit	reject_without_submit	974592c8896407d2a8041bc89cf7a33160cb7da515d147ce95a67c5498b73e22
frame.pv0.control.07.control_wrapper.minimal	frame	send_after_continuity_fix	assigned	pv0_control	parser_accept_backend_candidate	accepted	0	terminal_completion_or_precise_backend_reject	ota_or_precise_firmware_unsupported	864bdba04913a29ad915bf5863f2d8085b16afe7c71e0e17ce64f96cf076ab0c
frame.pv0.control.07.control_wrapper.minimum_minus_one	frame	parse_only	malformed	pv0_control_boundary	parse_reject_einval	rejected	-22	precise_parser_reject_without_submit	reject_without_submit	38ce6084ff2a6f355bfba1fdb6dba71c134b19c72512c8d0e098944c539fec46
frame.pv0.control.08.block_ack_request.minimal	frame	send_after_continuity_fix	assigned	pv0_control	parser_accept_backend_candidate	accepted	0	terminal_completion_or_precise_backend_reject	ota_or_precise_firmware_unsupported	096b2c81ba0e8edea97c09b1b64331c786eb3817b968fffb87f89f7c517b02b7
frame.pv0.control.08.block_ack_request.minimum_minus_one	frame	parse_only	malformed	pv0_control_boundary	parse_reject_einval	rejected	-22	precise_parser_reject_without_submit	reject_without_submit	51db21f4341c13b40574c1294ab74248c21a067743557f46249755501a3865f3
frame.pv0.control.09.block_ack.minimal	frame	send_after_continuity_fix	assigned	pv0_control	parser_accept_backend_candidate	accepted	0	terminal_completion_or_precise_backend_reject	ota_or_precise_firmware_unsupported	b947ac8fcb7b036e65a1cca8ebf93954da2bfb276dded61a413c9cb90a081a07
frame.pv0.control.09.block_ack.minimum_minus_one	frame	parse_only	malformed	pv0_control_boundary	parse_reject_einval	rejected	-22	precise_parser_reject_without_submit	reject_without_submit	0a3fe1bf8131a7fccbf89007804b937ccacb97a5b61796211c6fbb7b7c13fb7d
frame.pv0.control.10.ps_poll.minimal	frame	send_after_continuity_fix	assigned	pv0_control	parser_accept_backend_candidate	accepted	0	terminal_completion_or_precise_backend_reject	ota_or_precise_firmware_unsupported	45fe1a5bdba70b10585754d602fc764f80f7e5e48908ba86d0bfbcd13331bd77
frame.pv0.control.10.ps_poll.minimum_minus_one	frame	parse_only	malformed	pv0_control_boundary	parse_reject_einval	rejected	-22	precise_parser_reject_without_submit	reject_without_submit	332e425c924ecf88fc472ae21f424db664fecb7e54f0b98f83d7e93df45938f2
frame.pv0.control.11.rts.minimal	frame	send_after_continuity_fix	assigned	pv0_control	parser_accept_backend_candidate	accepted	0	terminal_completion_or_precise_backend_reject	ota_or_precise_firmware_unsupported	766f7feb3566a9091f3c2df51d15e59876585067fbc313cc187d64f72f09dd21
frame.pv0.control.11.rts.minimum_minus_one	frame	parse_only	malformed	pv0_control_boundary	parse_reject_einval	rejected	-22	precise_parser_reject_without_submit	reject_without_submit	860d55b3686f60af376ef2aed2eed14b18b2d790b232382a38c3809fad9be2db
frame.pv0.control.12.cts.minimal	frame	send_after_continuity_fix	assigned	pv0_control	parser_accept_backend_candidate	accepted	0	terminal_completion_or_precise_backend_reject	ota_or_precise_firmware_unsupported	c30e5e1e35452d591d92b8732405b34ab6e8754dc3814624f30d1f792fc308f0
frame.pv0.control.12.cts.minimum_minus_one	frame	parse_only	malformed	pv0_control_boundary	parse_reject_einval	rejected	-22	precise_parser_reject_without_submit	reject_without_submit	8a32e431e1aee8ae25ed6d1c254cf9eccd09c2c159242282be8b230b113495f0
frame.pv0.control.13.ack.minimal	frame	send_after_continuity_fix	assigned	pv0_control	parser_accept_backend_candidate	accepted	0	terminal_completion_or_precise_backend_reject	ota_or_precise_firmware_unsupported	70ef2ecb7a3f0b80e7c5a83a1d3766a499e3171e5a09aa265169c8183fd3bffe
frame.pv0.control.13.ack.minimum_minus_one	frame	parse_only	malformed	pv0_control_boundary	parse_reject_einval	rejected	-22	precise_parser_reject_without_submit	reject_without_submit	c2a89389e5b3df10e7adacf8e697d46d3986e08527340d8ab970672cca5ae4b5
frame.pv0.control.14.cf_end.minimal	frame	send_after_continuity_fix	assigned	pv0_control	parser_accept_backend_candidate	accepted	0	terminal_completion_or_precise_backend_reject	ota_or_precise_firmware_unsupported	260caf70bae1123e35018c7992cad042cf69bb37aa3d68bf39545f1964e40425
frame.pv0.control.14.cf_end.minimum_minus_one	frame	parse_only	malformed	pv0_control_boundary	parse_reject_einval	rejected	-22	precise_parser_reject_without_submit	reject_without_submit	452631991fbf915eeabcd753c3cbc2402d0e058c268d30c99f4339669d3eab0c
frame.pv0.control.15.cf_end_cf_ack.minimal	frame	send_after_continuity_fix	assigned	pv0_control	parser_accept_backend_candidate	accepted	0	terminal_completion_or_precise_backend_reject	ota_or_precise_firmware_unsupported	22bd48093e0d6e3f9d90e54d258c56040aa393e20780c70a37076f53e4d94a4a
frame.pv0.control.15.cf_end_cf_ack.minimum_minus_one	frame	parse_only	malformed	pv0_control_boundary	parse_reject_einval	rejected	-22	precise_parser_reject_without_submit	reject_without_submit	f3e668118ef32099d4775ced8849fb8dfdb88074385b22a134f61271d0264ba0
frame.pv0.control.06.control_extension.02.poll	frame	send_after_continuity_fix	assigned	pv0_control_extension	parser_accept_backend_candidate	accepted	0	terminal_completion_or_precise_backend_reject	ota_or_precise_firmware_unsupported	4f8b5f4f073d28f36659cfc749fa027575c6f8b6c1ff394ffa1973d58bc68046
frame.pv0.control.06.control_extension.03.spr	frame	send_after_continuity_fix	assigned	pv0_control_extension	parser_accept_backend_candidate	accepted	0	terminal_completion_or_precise_backend_reject	ota_or_precise_firmware_unsupported	82007cfd55de938d9cac89a291da65f0310e2b4643fbf96487b8bcc9da61281c
frame.pv0.control.06.control_extension.04.grant	frame	send_after_continuity_fix	assigned	pv0_control_extension	parser_accept_backend_candidate	accepted	0	terminal_completion_or_precise_backend_reject	ota_or_precise_firmware_unsupported	633aed1a25ac93e3ac9993fc54a6cf942dce3aad68aa7b8c4c771448c601332b
frame.pv0.control.06.control_extension.05.dmg_cts	frame	send_after_continuity_fix	assigned	pv0_control_extension	parser_accept_backend_candidate	accepted	0	terminal_completion_or_precise_backend_reject	ota_or_precise_firmware_unsupported	0c72c518ae74466e4481bb69df4822f50f6e2525f9d7e617d414b16576e39dca
frame.pv0.control.06.control_extension.06.dmg_dts	frame	send_after_continuity_fix	assigned	pv0_control_extension	parser_accept_backend_candidate	accepted	0	terminal_completion_or_precise_backend_reject	ota_or_precise_firmware_unsupported	0d545dce57aa9d7eecf566afac5530b32891ac545e50daba17755e983723c842
frame.pv0.control.06.control_extension.07.grant_ack	frame	send_after_continuity_fix	assigned	pv0_control_extension	parser_accept_backend_candidate	accepted	0	terminal_completion_or_precise_backend_reject	ota_or_precise_firmware_unsupported	41bfd6d3afb59cd28176c247e11b52deadf903c5df7d8993a3938840942f147e
frame.pv0.control.06.control_extension.08.ssw	frame	send_after_continuity_fix	assigned	pv0_control_extension	parser_accept_backend_candidate	accepted	0	terminal_completion_or_precise_backend_reject	ota_or_precise_firmware_unsupported	cc424de6a716c6127dc9a8f66b7047a743642b8719ab8b5b65fca5e2156e8bb0
frame.pv0.control.06.control_extension.09.ssw_feedback	frame	send_after_continuity_fix	assigned	pv0_control_extension	parser_accept_backend_candidate	accepted	0	terminal_completion_or_precise_backend_reject	ota_or_precise_firmware_unsupported	e11551dc4eb86fce8f0b0648571841083beee6268b25a413d860d3c7809367e8
frame.pv0.control.06.control_extension.10.ssw_ack	frame	send_after_continuity_fix	assigned	pv0_control_extension	parser_accept_backend_candidate	accepted	0	terminal_completion_or_precise_backend_reject	ota_or_precise_firmware_unsupported	a74337857480ae21187781d9db6f580d3efa1a29a29fb3ebc8341239ba195f34
frame.pv0.control.07.control_wrapper.carried_02	frame	send_after_continuity_fix	assigned	pv0_control_wrapper	parser_accept_backend_candidate	accepted	0	terminal_completion_or_precise_backend_reject	ota_or_precise_firmware_unsupported	9f44738a90f07d48820733c06e7f0131134fd7a9be32a2f2b536f65e5a9fe20a
frame.pv0.control.07.control_wrapper.carried_03	frame	send_after_continuity_fix	assigned	pv0_control_wrapper	parser_accept_backend_candidate	accepted	0	terminal_completion_or_precise_backend_reject	ota_or_precise_firmware_unsupported	9ee28ba588d4dba11fe1e2b8d6c78dda13d4797750269047a2661fbe06b21bab
frame.pv0.control.07.control_wrapper.carried_04	frame	send_after_continuity_fix	assigned	pv0_control_wrapper	parser_accept_backend_candidate	accepted	0	terminal_completion_or_precise_backend_reject	ota_or_precise_firmware_unsupported	80a554116810bda04cdfb335bffd0454f811c75a3f3708ec6260e0f0514426a8
frame.pv0.control.07.control_wrapper.carried_05	frame	send_after_continuity_fix	assigned	pv0_control_wrapper	parser_accept_backend_candidate	accepted	0	terminal_completion_or_precise_backend_reject	ota_or_precise_firmware_unsupported	4655c3e905858f671d957d7f90f5fef70d8a15478a434a9d63a28e40d4a651ac
frame.pv0.control.07.control_wrapper.carried_06	frame	send_after_continuity_fix	assigned	pv0_control_wrapper	parser_accept_backend_candidate	accepted	0	terminal_completion_or_precise_backend_reject	ota_or_precise_firmware_unsupported	5c7604e8a7728ddfddcaa0e5717a25a194ac4217bea358fe441fcf3f791c0094
frame.pv0.control.07.control_wrapper.carried_08	frame	send_after_continuity_fix	assigned	pv0_control_wrapper	parser_accept_backend_candidate	accepted	0	terminal_completion_or_precise_backend_reject	ota_or_precise_firmware_unsupported	64ce25bf126ccb040df54785d76424f3acddbe11ed3877bd7651229656dd3b0e
frame.pv0.control.07.control_wrapper.carried_09	frame	send_after_continuity_fix	assigned	pv0_control_wrapper	parser_accept_backend_candidate	accepted	0	terminal_completion_or_precise_backend_reject	ota_or_precise_firmware_unsupported	ef862e38deea4a35949bb93eb5416cde6901bf4bc26dda49a89a90b177b78dd6
frame.pv0.control.07.control_wrapper.carried_10	frame	send_after_continuity_fix	assigned	pv0_control_wrapper	parser_accept_backend_candidate	accepted	0	terminal_completion_or_precise_backend_reject	ota_or_precise_firmware_unsupported	03af81353693e7762a00855dfd3d14c1350bd143ac60bb84bffd5cf22b4579e6
frame.pv0.control.07.control_wrapper.carried_11	frame	send_after_continuity_fix	assigned	pv0_control_wrapper	parser_accept_backend_candidate	accepted	0	terminal_completion_or_precise_backend_reject	ota_or_precise_firmware_unsupported	6e02c5289b3725050abdacd715e100c29ffe2552df04629dee507fbc56f5bdde
frame.pv0.control.07.control_wrapper.carried_12	frame	send_after_continuity_fix	assigned	pv0_control_wrapper	parser_accept_backend_candidate	accepted	0	terminal_completion_or_precise_backend_reject	ota_or_precise_firmware_unsupported	ab71e10671831fcf210d9cf7f742d40478b9dec30fc5948eafdcc8fc479e97a5
frame.pv0.control.07.control_wrapper.carried_13	frame	send_after_continuity_fix	assigned	pv0_control_wrapper	parser_accept_backend_candidate	accepted	0	terminal_completion_or_precise_backend_reject	ota_or_precise_firmware_unsupported	60c34a96efdf2eb923c3e71f0032f7c5f6381c49e2eddcfe9751efcd027383d6
frame.pv0.control.07.control_wrapper.carried_14	frame	send_after_continuity_fix	assigned	pv0_control_wrapper	parser_accept_backend_candidate	accepted	0	terminal_completion_or_precise_backend_reject	ota_or_precise_firmware_unsupported	4fdc3423c2ae877d9187fc6eed9a26c79f1b342509776333c9314ea333d2a724
frame.pv0.control.07.control_wrapper.carried_15	frame	send_after_continuity_fix	assigned	pv0_control_wrapper	parser_accept_backend_candidate	accepted	0	terminal_completion_or_precise_backend_reject	ota_or_precise_firmware_unsupported	24529ad6cb1d0e58fb0117c9dc093d998d8ce346d685ebe5b127ba8e996d9dae
frame.pv0.control.08.block_ack.basic.n1	frame	send_after_continuity_fix	assigned	pv0_block_ack	parser_accept_backend_candidate	accepted	0	terminal_completion_or_precise_backend_reject	ota_or_precise_firmware_unsupported	496d832e8055bdafcd175809f7838f5e3476695ac7592403717e1a501afea04c
frame.pv0.control.08.block_ack.extended_compressed.n1	frame	send_after_continuity_fix	assigned	pv0_block_ack	parser_accept_backend_candidate	accepted	0	terminal_completion_or_precise_backend_reject	ota_or_precise_firmware_unsupported	d49b52d7633f6974bcbd37e549d9250736829e8487e331dc93eaa743014ade16
frame.pv0.control.08.block_ack.compressed.n1	frame	send_after_continuity_fix	assigned	pv0_block_ack	parser_accept_backend_candidate	accepted	0	terminal_completion_or_precise_backend_reject	ota_or_precise_firmware_unsupported	e8a6c51d0b364b2d5b0063314a162fd047eb1858a700bd804346b7aa882295e8
frame.pv0.control.08.block_ack.multi_tid.n1	frame	send_after_continuity_fix	assigned	pv0_block_ack	parser_accept_backend_candidate	accepted	0	terminal_completion_or_precise_backend_reject	ota_or_precise_firmware_unsupported	e72cc194f4f0d51866a6c5470e0b94d0ab0f2b09bbe9cd92a24450b89e85c9cc
frame.pv0.control.08.block_ack.multi_tid.n2	frame	send_after_continuity_fix	assigned	pv0_block_ack	parser_accept_backend_candidate	accepted	0	terminal_completion_or_precise_backend_reject	ota_or_precise_firmware_unsupported	a5ac7a63248f41478d513da9ff4fe0f81d8ab3ab0692cfaf9c718009b550a4d7
frame.pv0.control.08.block_ack.multi_tid.n16	frame	send_after_continuity_fix	assigned	pv0_block_ack	parser_accept_backend_candidate	accepted	0	terminal_completion_or_precise_backend_reject	ota_or_precise_firmware_unsupported	3bd33a9280dc9c99a3f2bade191c7232df706da820d4c3c701f4a652f917f34b
frame.pv0.control.08.block_ack.gcr.n1	frame	send_after_continuity_fix	assigned	pv0_block_ack	parser_accept_backend_candidate	accepted	0	terminal_completion_or_precise_backend_reject	ota_or_precise_firmware_unsupported	cb1b2582c9c3ba0d4de9c711711cab1c23ca41c56b1236ac910251249f0ee46d
frame.pv0.control.08.block_ack.glk_gcr.n1	frame	send_after_continuity_fix	assigned	pv0_block_ack	parser_accept_backend_candidate	accepted	0	terminal_completion_or_precise_backend_reject	ota_or_precise_firmware_unsupported	5d56bb5037be2f78e9803ceb3ac3cc9e64f25c81161260716167719cb58409a1
frame.pv0.control.08.block_ack.multi_sta.n1	frame	send_after_continuity_fix	assigned	pv0_block_ack	parser_accept_backend_candidate	accepted	0	terminal_completion_or_precise_backend_reject	ota_or_precise_firmware_unsupported	6a5951b9fe75757131aae3ce279f46d0b772b6f24dd222ef94aff8a5a5ab0fe1
frame.pv0.control.09.block_ack.basic.n1	frame	send_after_continuity_fix	assigned	pv0_block_ack	parser_accept_backend_candidate	accepted	0	terminal_completion_or_precise_backend_reject	ota_or_precise_firmware_unsupported	a2cf62c5eb54f9adb8f4e00ebb6e1ca09fc5169b0a93611800c42dc2a9bab454
frame.pv0.control.09.block_ack.extended_compressed.n1	frame	send_after_continuity_fix	assigned	pv0_block_ack	parser_accept_backend_candidate	accepted	0	terminal_completion_or_precise_backend_reject	ota_or_precise_firmware_unsupported	9d8af8dd4460b6be18e2cc88106252cafce1b41840317937236db1e8c2aa58f5
frame.pv0.control.09.block_ack.compressed.n1	frame	send_after_continuity_fix	assigned	pv0_block_ack	parser_accept_backend_candidate	accepted	0	terminal_completion_or_precise_backend_reject	ota_or_precise_firmware_unsupported	13ee68828c022a6e77ae743871ad30cdc357349e5c210c21c761c9de33fd9530
frame.pv0.control.09.block_ack.multi_tid.n1	frame	send_after_continuity_fix	assigned	pv0_block_ack	parser_accept_backend_candidate	accepted	0	terminal_completion_or_precise_backend_reject	ota_or_precise_firmware_unsupported	8fde11601861399397b078f313b88588acf272f413189a615d72bffc790dc763
frame.pv0.control.09.block_ack.multi_tid.n2	frame	send_after_continuity_fix	assigned	pv0_block_ack	parser_accept_backend_candidate	accepted	0	terminal_completion_or_precise_backend_reject	ota_or_precise_firmware_unsupported	0a09b202f5a7cc27ff9cebd9ca30d4d40d17c230b8375aac5600b126c755cc86
frame.pv0.control.09.block_ack.multi_tid.n16	frame	send_after_continuity_fix	assigned	pv0_block_ack	parser_accept_backend_candidate	accepted	0	terminal_completion_or_precise_backend_reject	ota_or_precise_firmware_unsupported	95c20ac999076d941775ced1e85a09bffdecbff5b8a2e22aa22a27b15d9d87bf
frame.pv0.control.09.block_ack.gcr.n1	frame	send_after_continuity_fix	assigned	pv0_block_ack	parser_accept_backend_candidate	accepted	0	terminal_completion_or_precise_backend_reject	ota_or_precise_firmware_unsupported	7d0d1d7cf4be5b98e3f48f4db4b35b08bfa0270ba8fba3ad39d56f6e3740086a
frame.pv0.control.09.block_ack.glk_gcr.n1	frame	send_after_continuity_fix	assigned	pv0_block_ack	parser_accept_backend_candidate	accepted	0	terminal_completion_or_precise_backend_reject	ota_or_precise_firmware_unsupported	d4465d488435857b9b04344d9345028df62f8629fab732e148528f26ed1fda2a
frame.pv0.control.09.block_ack.multi_sta.n1	frame	send_after_continuity_fix	assigned	pv0_block_ack	parser_accept_backend_candidate	accepted	0	terminal_completion_or_precise_backend_reject	ota_or_precise_firmware_unsupported	686d9e41be02a2bbefe60daf80f299ad06ab44314b58281b3daafc6d81ce3218
frame.pv0.control.02.trigger.type0.users0	frame	send_after_continuity_fix	assigned	pv0_trigger	parser_accept_backend_candidate	accepted	0	terminal_completion_or_precise_backend_reject	ota_or_precise_firmware_unsupported	6b92c83b0d328e48c6965d5e77474855fc3b491506479947db370f69085277d9
frame.pv0.control.02.trigger.type0.users1	frame	send_after_continuity_fix	assigned	pv0_trigger	parser_accept_backend_candidate	accepted	0	terminal_completion_or_precise_backend_reject	ota_or_precise_firmware_unsupported	161833e3df11e4cf624a55cbb3c59964ba56850311ecedb3153ff76c977abbe0
frame.pv0.control.02.trigger.type0.users2	frame	send_after_continuity_fix	assigned	pv0_trigger	parser_accept_backend_candidate	accepted	0	terminal_completion_or_precise_backend_reject	ota_or_precise_firmware_unsupported	bbeaf6a444c2bbe111cb4e821577b9ba83e1ce043c7c9e89976e2ac6e9578158
frame.pv0.control.02.trigger.type0.users4	frame	send_after_continuity_fix	assigned	pv0_trigger	parser_accept_backend_candidate	accepted	0	terminal_completion_or_precise_backend_reject	ota_or_precise_firmware_unsupported	bb6e41193d7826117cfa2f0bcfaa2777ffea5e4b50f9869f551c697a430918c1
frame.pv0.control.02.trigger.type1.users0	frame	send_after_continuity_fix	assigned	pv0_trigger	parser_accept_backend_candidate	accepted	0	terminal_completion_or_precise_backend_reject	ota_or_precise_firmware_unsupported	a851bc9a323a2f0df92d6fbc479bafa045d24aa088c4780dd420162ec561d020
frame.pv0.control.02.trigger.type1.users1	frame	send_after_continuity_fix	assigned	pv0_trigger	parser_accept_backend_candidate	accepted	0	terminal_completion_or_precise_backend_reject	ota_or_precise_firmware_unsupported	1e30351f4ff1329f25d2c2a54587042b87cd220dce2590f02847da7cde929674
frame.pv0.control.02.trigger.type1.users2	frame	send_after_continuity_fix	assigned	pv0_trigger	parser_accept_backend_candidate	accepted	0	terminal_completion_or_precise_backend_reject	ota_or_precise_firmware_unsupported	f93a911fa91b595d7775f7ba490905379e92d6e3ecf6bcf23268fc252cb264d3
frame.pv0.control.02.trigger.type1.users4	frame	send_after_continuity_fix	assigned	pv0_trigger	parser_accept_backend_candidate	accepted	0	terminal_completion_or_precise_backend_reject	ota_or_precise_firmware_unsupported	6833681454047d872a29265c2bb253c5e62a0d0a43b21e0094ada36f3ae05f46
frame.pv0.control.02.trigger.type2.users0	frame	send_after_continuity_fix	assigned	pv0_trigger	parser_accept_backend_candidate	accepted	0	terminal_completion_or_precise_backend_reject	ota_or_precise_firmware_unsupported	badcfc7b39484309654e25f092297c7dffe8514f5c66573fc5cefce897b8cfe4
frame.pv0.control.02.trigger.type2.users1	frame	send_after_continuity_fix	assigned	pv0_trigger	parser_accept_backend_candidate	accepted	0	terminal_completion_or_precise_backend_reject	ota_or_precise_firmware_unsupported	5047d202b99b442f73c6368c51401047dc343abf7e89a5609e1c337cfc4d8461
frame.pv0.control.02.trigger.type2.users2	frame	send_after_continuity_fix	assigned	pv0_trigger	parser_accept_backend_candidate	accepted	0	terminal_completion_or_precise_backend_reject	ota_or_precise_firmware_unsupported	9facf74dd59a568add189479b1f2f545dba1929c9c0710fa0253711f0edfc811
frame.pv0.control.02.trigger.type2.users4	frame	send_after_continuity_fix	assigned	pv0_trigger	parser_accept_backend_candidate	accepted	0	terminal_completion_or_precise_backend_reject	ota_or_precise_firmware_unsupported	a9f47b7f99a5f830390a413800d53613fa674183eedc82fa315e2325af111323
frame.pv0.control.02.trigger.type3.users0	frame	send_after_continuity_fix	assigned	pv0_trigger	parser_accept_backend_candidate	accepted	0	terminal_completion_or_precise_backend_reject	ota_or_precise_firmware_unsupported	cac328ba05b27fd4685bd6746e3f5bd4b70281783d49911869e0395c6dbc2916
frame.pv0.control.02.trigger.type3.users1	frame	send_after_continuity_fix	assigned	pv0_trigger	parser_accept_backend_candidate	accepted	0	terminal_completion_or_precise_backend_reject	ota_or_precise_firmware_unsupported	aead864c6964fc8429ac4c99b2cfeae5fada645bb226f2ed8fb0b1f4caac2359
frame.pv0.control.02.trigger.type3.users2	frame	send_after_continuity_fix	assigned	pv0_trigger	parser_accept_backend_candidate	accepted	0	terminal_completion_or_precise_backend_reject	ota_or_precise_firmware_unsupported	cba8b83216e123409ffa216d984af8ebf29c0b7f1195edffd34c63ae45af3d89
frame.pv0.control.02.trigger.type3.users4	frame	send_after_continuity_fix	assigned	pv0_trigger	parser_accept_backend_candidate	accepted	0	terminal_completion_or_precise_backend_reject	ota_or_precise_firmware_unsupported	9282917641ff61d02fc9b4c8823d469b859d36fcc999664f7190e34c99e86cf1
frame.pv0.control.02.trigger.type4.users0	frame	send_after_continuity_fix	assigned	pv0_trigger	parser_accept_backend_candidate	accepted	0	terminal_completion_or_precise_backend_reject	ota_or_precise_firmware_unsupported	8c76c9ec68bb871e94f6216099853f4c3e1493a83d7db0d61807e91124cfcd66
frame.pv0.control.02.trigger.type4.users1	frame	send_after_continuity_fix	assigned	pv0_trigger	parser_accept_backend_candidate	accepted	0	terminal_completion_or_precise_backend_reject	ota_or_precise_firmware_unsupported	6cb7f25b8f764eba9b9f82acd66e12b9fbd48ecc492875d279bedd7e67cc941f
frame.pv0.control.02.trigger.type4.users2	frame	send_after_continuity_fix	assigned	pv0_trigger	parser_accept_backend_candidate	accepted	0	terminal_completion_or_precise_backend_reject	ota_or_precise_firmware_unsupported	f27f371f0ae38e2b715a13dc8fb7a0677da6312939f9d3d4b46856d77ad02574
frame.pv0.control.02.trigger.type4.users4	frame	send_after_continuity_fix	assigned	pv0_trigger	parser_accept_backend_candidate	accepted	0	terminal_completion_or_precise_backend_reject	ota_or_precise_firmware_unsupported	cc53ed1c5b8f4ddd777f918a69108b741057529033592343fad9181ec246f784
frame.pv0.control.02.trigger.type5.users0	frame	send_after_continuity_fix	assigned	pv0_trigger	parser_accept_backend_candidate	accepted	0	terminal_completion_or_precise_backend_reject	ota_or_precise_firmware_unsupported	1158abe3b1644192e8499c21cb4a7f868048aa1a84377e138c15ad7ef33967ac
frame.pv0.control.02.trigger.type5.users1	frame	send_after_continuity_fix	assigned	pv0_trigger	parser_accept_backend_candidate	accepted	0	terminal_completion_or_precise_backend_reject	ota_or_precise_firmware_unsupported	4d812ee72d20998c3ad310dff2397aaf3aba97b6b3c508b94b0f5ce4f2a6514e
frame.pv0.control.02.trigger.type5.users2	frame	send_after_continuity_fix	assigned	pv0_trigger	parser_accept_backend_candidate	accepted	0	terminal_completion_or_precise_backend_reject	ota_or_precise_firmware_unsupported	2f3e2c30213694a424ceebdfec22989bb545ebdbc21b2cee312dc45880e5e022
frame.pv0.control.02.trigger.type5.users4	frame	send_after_continuity_fix	assigned	pv0_trigger	parser_accept_backend_candidate	accepted	0	terminal_completion_or_precise_backend_reject	ota_or_precise_firmware_unsupported	766476c7776652bdb8e538aed819768527ea24682359f24c40e1b46579ed0f54
frame.pv0.control.02.trigger.type6.users0	frame	send_after_continuity_fix	assigned	pv0_trigger	parser_accept_backend_candidate	accepted	0	terminal_completion_or_precise_backend_reject	ota_or_precise_firmware_unsupported	746e37a7fbc6954a1ec6a80ef898c421a91df8a147061a58a7f3b48821d80f13
frame.pv0.control.02.trigger.type6.users1	frame	send_after_continuity_fix	assigned	pv0_trigger	parser_accept_backend_candidate	accepted	0	terminal_completion_or_precise_backend_reject	ota_or_precise_firmware_unsupported	f74302780f076eab6149b899a89d167139d237bd493a08fba190254475e2b1c5
frame.pv0.control.02.trigger.type6.users2	frame	send_after_continuity_fix	assigned	pv0_trigger	parser_accept_backend_candidate	accepted	0	terminal_completion_or_precise_backend_reject	ota_or_precise_firmware_unsupported	126a29cd96ffe9809a50f57fd1ac1ac43bf6e7ff279d6db82531c78c546ae552
frame.pv0.control.02.trigger.type6.users4	frame	send_after_continuity_fix	assigned	pv0_trigger	parser_accept_backend_candidate	accepted	0	terminal_completion_or_precise_backend_reject	ota_or_precise_firmware_unsupported	79841f0bfe5a2469b7e094ef964e0ee7a1b7e8427558b03cad83616f37da819e
frame.pv0.control.02.trigger.type7.users0	frame	send_after_continuity_fix	assigned	pv0_trigger	parser_accept_backend_candidate	accepted	0	terminal_completion_or_precise_backend_reject	ota_or_precise_firmware_unsupported	6cd87956244730d341db0a78e49b1d16aed2c09ce6a3c089e715be1c108bd45f
frame.pv0.control.02.trigger.type7.users1	frame	send_after_continuity_fix	assigned	pv0_trigger	parser_accept_backend_candidate	accepted	0	terminal_completion_or_precise_backend_reject	ota_or_precise_firmware_unsupported	b39b4f8dbd00de0feb3a84fa8fd3667c4ff6153dff9bf30ebd93716ddd59aaec
frame.pv0.control.02.trigger.type7.users2	frame	send_after_continuity_fix	assigned	pv0_trigger	parser_accept_backend_candidate	accepted	0	terminal_completion_or_precise_backend_reject	ota_or_precise_firmware_unsupported	e7aee09cdf54acfebc4c5d378d2d7f48ef7853daf505e0373b0c589ff39d9fe7
frame.pv0.control.02.trigger.type7.users4	frame	send_after_continuity_fix	assigned	pv0_trigger	parser_accept_backend_candidate	accepted	0	terminal_completion_or_precise_backend_reject	ota_or_precise_firmware_unsupported	ef064f0ab82c8181b3b67bd3c7ca8a13ea92bf7a270cb5477d31c5b09d643d2a
frame.pv0.control.02.trigger.type8.users0	frame	send_after_continuity_fix	assigned	pv0_trigger	parser_accept_backend_candidate	accepted	0	terminal_completion_or_precise_backend_reject	ota_or_precise_firmware_unsupported	9e53d50430df293d2dac5bc4f35012a5633b98993185cd6901c6c951e3c89b96
frame.pv0.control.02.trigger.type8.users1	frame	send_after_continuity_fix	assigned	pv0_trigger	parser_accept_backend_candidate	accepted	0	terminal_completion_or_precise_backend_reject	ota_or_precise_firmware_unsupported	60e5cf5c9bc571f1113764276d7fc68e4a4d51f00ca45069879a15b183a14453
frame.pv0.control.02.trigger.type8.users2	frame	send_after_continuity_fix	assigned	pv0_trigger	parser_accept_backend_candidate	accepted	0	terminal_completion_or_precise_backend_reject	ota_or_precise_firmware_unsupported	69ad907041375769e45ea900500a185ee81decba60ccaa41ad63671f73dfc918
frame.pv0.control.02.trigger.type8.users4	frame	send_after_continuity_fix	assigned	pv0_trigger	parser_accept_backend_candidate	accepted	0	terminal_completion_or_precise_backend_reject	ota_or_precise_firmware_unsupported	99a3d323e08ac6e956b2ba1cc30b50196d7b1a687d5a5480e94f0a586006d516
frame.pv0.control.03.twt_ack.extra0	frame	send_after_continuity_fix	assigned	pv0_variable_control	parser_accept_backend_candidate	accepted	0	terminal_completion_or_precise_backend_reject	ota_or_precise_firmware_unsupported	4f6a07285fd89ad40ba71f8a1c22497e9aee6fb02b85116565def2ac2e722f46
frame.pv0.control.03.twt_ack.extra1	frame	send_after_continuity_fix	assigned	pv0_variable_control	parser_accept_backend_candidate	accepted	0	terminal_completion_or_precise_backend_reject	ota_or_precise_firmware_unsupported	8e2ed6507ca74b2018281baba2053b963740e68474b72b5741ade74e077fa62b
frame.pv0.control.03.twt_ack.extra8	frame	send_after_continuity_fix	assigned	pv0_variable_control	parser_accept_backend_candidate	accepted	0	terminal_completion_or_precise_backend_reject	ota_or_precise_firmware_unsupported	230ffdcf205d65639d21003ffa1710b3d42af7934106e37e6f9bb30d903543bf
frame.pv0.control.03.twt_ack.extra32	frame	send_after_continuity_fix	assigned	pv0_variable_control	parser_accept_backend_candidate	accepted	0	terminal_completion_or_precise_backend_reject	ota_or_precise_firmware_unsupported	bf59ff984c064e468d14f6f4afe3b1a7f65bc165e3f2aeb9c92886e751bbe04e
frame.pv0.control.04.beamforming_report_poll.extra0	frame	send_after_continuity_fix	assigned	pv0_variable_control	parser_accept_backend_candidate	accepted	0	terminal_completion_or_precise_backend_reject	ota_or_precise_firmware_unsupported	9291f5f3fd37a5d7703874d73cad8d75cf45d21ca5d4f8188a2ff3f988f47c83
frame.pv0.control.04.beamforming_report_poll.extra1	frame	send_after_continuity_fix	assigned	pv0_variable_control	parser_accept_backend_candidate	accepted	0	terminal_completion_or_precise_backend_reject	ota_or_precise_firmware_unsupported	8d5b0d50ad09c2c9b2718c2276a3feb412fb14ba1fb9dd75aec44b2a0df53b8c
frame.pv0.control.04.beamforming_report_poll.extra8	frame	send_after_continuity_fix	assigned	pv0_variable_control	parser_accept_backend_candidate	accepted	0	terminal_completion_or_precise_backend_reject	ota_or_precise_firmware_unsupported	b79815f089bfe155a3481d1fe2260d23342ae10e824fb772ffdfc753474a6bd7
frame.pv0.control.04.beamforming_report_poll.extra32	frame	send_after_continuity_fix	assigned	pv0_variable_control	parser_accept_backend_candidate	accepted	0	terminal_completion_or_precise_backend_reject	ota_or_precise_firmware_unsupported	8cf4c01d5712c2d6c26f9fdf2f2bd777e6f00f92d9d56157b38c306029a8032e
frame.pv0.control.05.vht_he_eht_ranging_ndp_announcement.extra0	frame	send_after_continuity_fix	assigned	pv0_variable_control	parser_accept_backend_candidate	accepted	0	terminal_completion_or_precise_backend_reject	ota_or_precise_firmware_unsupported	6bf0df58fb31381159c1c6e61d353e6e2c9d8d929e42125a90c5460705788274
frame.pv0.control.05.vht_he_eht_ranging_ndp_announcement.extra1	frame	send_after_continuity_fix	assigned	pv0_variable_control	parser_accept_backend_candidate	accepted	0	terminal_completion_or_precise_backend_reject	ota_or_precise_firmware_unsupported	2114bc6707c717c36c682ad45365700549a46f172b0afa33df45d2eae9684ebd
frame.pv0.control.05.vht_he_eht_ranging_ndp_announcement.extra8	frame	send_after_continuity_fix	assigned	pv0_variable_control	parser_accept_backend_candidate	accepted	0	terminal_completion_or_precise_backend_reject	ota_or_precise_firmware_unsupported	a7b0e9db318486584326570a9cce07e04e9ab347abb868ceb5b26e30cdb73cec
frame.pv0.control.05.vht_he_eht_ranging_ndp_announcement.extra32	frame	send_after_continuity_fix	assigned	pv0_variable_control	parser_accept_backend_candidate	accepted	0	terminal_completion_or_precise_backend_reject	ota_or_precise_firmware_unsupported	6c46aac9b066ac97a20a91e9b9f6164c7d85f41318518971fc891558d70fb8d9
frame.pv0.data.00.data.ds0.base	frame	send_after_continuity_fix	assigned	pv0_data	parser_accept_backend_candidate	accepted	0	terminal_completion_or_precise_backend_reject	ota_or_precise_firmware_unsupported	eed8589e745c1be060b7608f55d0ab4115d8c2edff7d3660d1f354b07a7b17de
frame.pv0.data.00.data.ds1.base	frame	send_after_continuity_fix	assigned	pv0_data	parser_accept_backend_candidate	accepted	0	terminal_completion_or_precise_backend_reject	ota_or_precise_firmware_unsupported	364b0de3905b6ab2e8c76630a952cfdf63d2add82014a44d3ff0aac0bd5ba8e4
frame.pv0.data.00.data.ds2.base	frame	send_after_continuity_fix	assigned	pv0_data	parser_accept_backend_candidate	accepted	0	terminal_completion_or_precise_backend_reject	ota_or_precise_firmware_unsupported	561c0ef6e3958cdcc66a9a3f82caaac0ac9761dbb50db55cefa250cda8fead18
frame.pv0.data.00.data.ds3.base	frame	send_after_continuity_fix	assigned	pv0_data	parser_accept_backend_candidate	accepted	0	terminal_completion_or_precise_backend_reject	ota_or_precise_firmware_unsupported	e902273e0950dab9a670484adec71d5fef5fc0d2dcf3d725b41a201d940ab866
frame.pv0.data.01.data_cf_ack.ds0.base	frame	send_after_continuity_fix	assigned	pv0_data	parser_accept_backend_candidate	accepted	0	terminal_completion_or_precise_backend_reject	ota_or_precise_firmware_unsupported	e643292aa1d547bd258e36194ea2ff9ed4d9fe44f63acfa3ff83bb79cb3bff1a
frame.pv0.data.01.data_cf_ack.ds1.base	frame	send_after_continuity_fix	assigned	pv0_data	parser_accept_backend_candidate	accepted	0	terminal_completion_or_precise_backend_reject	ota_or_precise_firmware_unsupported	c0c974633a1c56a2b90e5dcec063784c5a0a3cc3b31e545cf8518bf737e2d9d1
frame.pv0.data.01.data_cf_ack.ds2.base	frame	send_after_continuity_fix	assigned	pv0_data	parser_accept_backend_candidate	accepted	0	terminal_completion_or_precise_backend_reject	ota_or_precise_firmware_unsupported	884170c33d50b5e49f0cc0f4927cb8b79e62e42ec0aad10d9159889e64580118
frame.pv0.data.01.data_cf_ack.ds3.base	frame	send_after_continuity_fix	assigned	pv0_data	parser_accept_backend_candidate	accepted	0	terminal_completion_or_precise_backend_reject	ota_or_precise_firmware_unsupported	f25456d47d036c53c1fc5a849f370abbbe5ddbd64eefab43fd26805e2083c110
frame.pv0.data.02.data_cf_poll.ds0.base	frame	send_after_continuity_fix	assigned	pv0_data	parser_accept_backend_candidate	accepted	0	terminal_completion_or_precise_backend_reject	ota_or_precise_firmware_unsupported	33ce06995e0b163908392ed7775a2d7cbde7fc55028f28d05783ca0a43e90a66
frame.pv0.data.02.data_cf_poll.ds1.base	frame	send_after_continuity_fix	assigned	pv0_data	parser_accept_backend_candidate	accepted	0	terminal_completion_or_precise_backend_reject	ota_or_precise_firmware_unsupported	fea58f10b99a14b4e85db0725bb36d26cd5c75b328238a7ae7e47306ca157749
frame.pv0.data.02.data_cf_poll.ds2.base	frame	send_after_continuity_fix	assigned	pv0_data	parser_accept_backend_candidate	accepted	0	terminal_completion_or_precise_backend_reject	ota_or_precise_firmware_unsupported	a34372e366193a8d6ec08c4dc1cbb98c1f16bd630110392179f00bbdd7911890
frame.pv0.data.02.data_cf_poll.ds3.base	frame	send_after_continuity_fix	assigned	pv0_data	parser_accept_backend_candidate	accepted	0	terminal_completion_or_precise_backend_reject	ota_or_precise_firmware_unsupported	9d97fe45d3ed45054e3b78c0ad017b2e115041160860f3433b80f0a586c2597f
frame.pv0.data.03.data_cf_ack_cf_poll.ds0.base	frame	send_after_continuity_fix	assigned	pv0_data	parser_accept_backend_candidate	accepted	0	terminal_completion_or_precise_backend_reject	ota_or_precise_firmware_unsupported	d03a40cc4af3d608c06b28e7ba8ccda7b14df1b35ac64dcc237597b960f74c29
frame.pv0.data.03.data_cf_ack_cf_poll.ds1.base	frame	send_after_continuity_fix	assigned	pv0_data	parser_accept_backend_candidate	accepted	0	terminal_completion_or_precise_backend_reject	ota_or_precise_firmware_unsupported	0a479a744ea2479b2e554dc787e39f8906fb7a50ab47fd4a4efbb94cc170dcf8
frame.pv0.data.03.data_cf_ack_cf_poll.ds2.base	frame	send_after_continuity_fix	assigned	pv0_data	parser_accept_backend_candidate	accepted	0	terminal_completion_or_precise_backend_reject	ota_or_precise_firmware_unsupported	15fbe69a77b8f7da31c9d1dcc4123e19671105323df5ba81beab3331a80d46b3
frame.pv0.data.03.data_cf_ack_cf_poll.ds3.base	frame	send_after_continuity_fix	assigned	pv0_data	parser_accept_backend_candidate	accepted	0	terminal_completion_or_precise_backend_reject	ota_or_precise_firmware_unsupported	f547e6130bcdc3a53033137f49f2beea976eea0143ead22b3a2a74255631918c
frame.pv0.data.04.null.ds0.base	frame	send_after_continuity_fix	assigned	pv0_data	parser_accept_backend_candidate	accepted	0	terminal_completion_or_precise_backend_reject	ota_or_precise_firmware_unsupported	fa4d5dfcb4e531b1d69c338c1b3fd8d478f1b55339e2952aa675e06a065ae596
frame.pv0.data.04.null.ds1.base	frame	send_after_continuity_fix	assigned	pv0_data	parser_accept_backend_candidate	accepted	0	terminal_completion_or_precise_backend_reject	ota_or_precise_firmware_unsupported	23b9d26fd55b2d442ea8edfe862cd184bc9f6c4b08b905e072354ad2d65d92e0
frame.pv0.data.04.null.ds2.base	frame	send_after_continuity_fix	assigned	pv0_data	parser_accept_backend_candidate	accepted	0	terminal_completion_or_precise_backend_reject	ota_or_precise_firmware_unsupported	b0b7f47e6c80f984a35142dda3f3a624fe09dba6094312951c0279dae6861010
frame.pv0.data.04.null.ds3.base	frame	send_after_continuity_fix	assigned	pv0_data	parser_accept_backend_candidate	accepted	0	terminal_completion_or_precise_backend_reject	ota_or_precise_firmware_unsupported	6ddec3739d937f6bb05e1095b5467776b6a23b7c1c46affbbe0ea2e5528fd4fd
frame.pv0.data.05.cf_ack.ds0.base	frame	send_after_continuity_fix	assigned	pv0_data	parser_accept_backend_candidate	accepted	0	terminal_completion_or_precise_backend_reject	ota_or_precise_firmware_unsupported	8c29a40d5b7750c6880c4743770495593228b398d8adb839410e462dc11c186b
frame.pv0.data.05.cf_ack.ds1.base	frame	send_after_continuity_fix	assigned	pv0_data	parser_accept_backend_candidate	accepted	0	terminal_completion_or_precise_backend_reject	ota_or_precise_firmware_unsupported	92f80095b05a3083e604aad7f01d67770a32bf72431b92278b41b0b4952f5451
frame.pv0.data.05.cf_ack.ds2.base	frame	send_after_continuity_fix	assigned	pv0_data	parser_accept_backend_candidate	accepted	0	terminal_completion_or_precise_backend_reject	ota_or_precise_firmware_unsupported	e8408d1f59c887863295f05ce60ea82e0fd06e73485a3ef64d11707f9b2351f5
frame.pv0.data.05.cf_ack.ds3.base	frame	send_after_continuity_fix	assigned	pv0_data	parser_accept_backend_candidate	accepted	0	terminal_completion_or_precise_backend_reject	ota_or_precise_firmware_unsupported	a8104c9de5734aa47cdb43bf4cbddf585238907fe365c7358d72c52cbf5ab978
frame.pv0.data.06.cf_poll.ds0.base	frame	send_after_continuity_fix	assigned	pv0_data	parser_accept_backend_candidate	accepted	0	terminal_completion_or_precise_backend_reject	ota_or_precise_firmware_unsupported	5b6af9437867c9160e7eae8b91edc8aa0439d10317c1130a4548d7a62913af8a
frame.pv0.data.06.cf_poll.ds1.base	frame	send_after_continuity_fix	assigned	pv0_data	parser_accept_backend_candidate	accepted	0	terminal_completion_or_precise_backend_reject	ota_or_precise_firmware_unsupported	71b847e1ad2ca457fd6532b55a817386500cd174638cd5eafc97458793ef6b7a
frame.pv0.data.06.cf_poll.ds2.base	frame	send_after_continuity_fix	assigned	pv0_data	parser_accept_backend_candidate	accepted	0	terminal_completion_or_precise_backend_reject	ota_or_precise_firmware_unsupported	7b39c4f51052ec1ad12dc043b232e23f65bb213d2f384919de32a00d34294baf
frame.pv0.data.06.cf_poll.ds3.base	frame	send_after_continuity_fix	assigned	pv0_data	parser_accept_backend_candidate	accepted	0	terminal_completion_or_precise_backend_reject	ota_or_precise_firmware_unsupported	c2d7bea172e8c56cc8552c08abe8e5bd407ada499d172771e0723baff9e9a1b4
frame.pv0.data.07.cf_ack_cf_poll.ds0.base	frame	send_after_continuity_fix	assigned	pv0_data	parser_accept_backend_candidate	accepted	0	terminal_completion_or_precise_backend_reject	ota_or_precise_firmware_unsupported	f345c595b3f127bbf06d1c49bffeb8fd068ba719c7f5f152b954e28c7168a30b
frame.pv0.data.07.cf_ack_cf_poll.ds1.base	frame	send_after_continuity_fix	assigned	pv0_data	parser_accept_backend_candidate	accepted	0	terminal_completion_or_precise_backend_reject	ota_or_precise_firmware_unsupported	9154d6fb5575d412838c869afa272ed3bda37762cbaba18628bfc26ccdce70a3
frame.pv0.data.07.cf_ack_cf_poll.ds2.base	frame	send_after_continuity_fix	assigned	pv0_data	parser_accept_backend_candidate	accepted	0	terminal_completion_or_precise_backend_reject	ota_or_precise_firmware_unsupported	df4a12260309fafd8b8196efd14f400675904f39870283d4fc2cd1073311ac0e
frame.pv0.data.07.cf_ack_cf_poll.ds3.base	frame	send_after_continuity_fix	assigned	pv0_data	parser_accept_backend_candidate	accepted	0	terminal_completion_or_precise_backend_reject	ota_or_precise_firmware_unsupported	cfbbd92a8c32bf588ec40e336bf45f3211f4b4a4b534d4b9e810931edda4d3bd
frame.pv0.data.08.qos_data.ds0.base	frame	send_after_continuity_fix	assigned	pv0_data	parser_accept_backend_candidate	accepted	0	terminal_completion_or_precise_backend_reject	ota_or_precise_firmware_unsupported	d8fd606f5cd7f3aadea8f60a88f131e956012e34dff2f6d058c1a07e0c8c7124
frame.pv0.data.08.qos_data.ds0.ht_control	frame	send_after_continuity_fix	assigned	pv0_data	parser_accept_backend_candidate	accepted	0	terminal_completion_or_precise_backend_reject	ota_or_precise_firmware_unsupported	0a1db58aa676aae47f6793131c9af9bc00bed3e53a1b7b49dbe4a0f5d57214ee
frame.pv0.data.08.qos_data.ds1.base	frame	send_after_continuity_fix	assigned	pv0_data	parser_accept_backend_candidate	accepted	0	terminal_completion_or_precise_backend_reject	ota_or_precise_firmware_unsupported	b599b6ec1bc54a469cf8654ee775dd1edc39949f57163340467ff1e3d0bc3add
frame.pv0.data.08.qos_data.ds1.ht_control	frame	send_after_continuity_fix	assigned	pv0_data	parser_accept_backend_candidate	accepted	0	terminal_completion_or_precise_backend_reject	ota_or_precise_firmware_unsupported	d70db060adb6dcf57bae90a814e95398d5d6d8018c2955e56dc5b832dbce35ea
frame.pv0.data.08.qos_data.ds2.base	frame	send_after_continuity_fix	assigned	pv0_data	parser_accept_backend_candidate	accepted	0	terminal_completion_or_precise_backend_reject	ota_or_precise_firmware_unsupported	8e112fbcc2a7c8561f4b99bff6b1e6afc1d9097fb934dac0e386f2ac062f501b
frame.pv0.data.08.qos_data.ds2.ht_control	frame	send_after_continuity_fix	assigned	pv0_data	parser_accept_backend_candidate	accepted	0	terminal_completion_or_precise_backend_reject	ota_or_precise_firmware_unsupported	e4915552b34ce244037f4511ccf5f02bf3d212152bc66ccd2939251ad420cef7
frame.pv0.data.08.qos_data.ds3.base	frame	send_after_continuity_fix	assigned	pv0_data	parser_accept_backend_candidate	accepted	0	terminal_completion_or_precise_backend_reject	ota_or_precise_firmware_unsupported	652ed097170888bb346b2383fa8e60171c14f4f3c655924ed88177e98a3a5f30
frame.pv0.data.08.qos_data.ds3.ht_control	frame	send_after_continuity_fix	assigned	pv0_data	parser_accept_backend_candidate	accepted	0	terminal_completion_or_precise_backend_reject	ota_or_precise_firmware_unsupported	e2b6e52cfcebaac444f742b1d9249dc50380f5b98b7d3207e61d95de79dc7004
frame.pv0.data.09.qos_data_cf_ack.ds0.base	frame	send_after_continuity_fix	assigned	pv0_data	parser_accept_backend_candidate	accepted	0	terminal_completion_or_precise_backend_reject	ota_or_precise_firmware_unsupported	c08645d4126b23a5c9957154bf5c196659e664d976368d39b95f43cbf79256d6
frame.pv0.data.09.qos_data_cf_ack.ds0.ht_control	frame	send_after_continuity_fix	assigned	pv0_data	parser_accept_backend_candidate	accepted	0	terminal_completion_or_precise_backend_reject	ota_or_precise_firmware_unsupported	3add0b966562193ddba178e9d2dcf08913e3fb64a9ede639bd7f2c7f60f04ea7
frame.pv0.data.09.qos_data_cf_ack.ds1.base	frame	send_after_continuity_fix	assigned	pv0_data	parser_accept_backend_candidate	accepted	0	terminal_completion_or_precise_backend_reject	ota_or_precise_firmware_unsupported	151d552a4f63dae72aeddf3f4f6dc5a13df8427c88d1f7f8410a5f750350fdd7
frame.pv0.data.09.qos_data_cf_ack.ds1.ht_control	frame	send_after_continuity_fix	assigned	pv0_data	parser_accept_backend_candidate	accepted	0	terminal_completion_or_precise_backend_reject	ota_or_precise_firmware_unsupported	95050bcd0c2a28d104430cb5e5240081b873925198dd635a8a95ebe82debdc23
frame.pv0.data.09.qos_data_cf_ack.ds2.base	frame	send_after_continuity_fix	assigned	pv0_data	parser_accept_backend_candidate	accepted	0	terminal_completion_or_precise_backend_reject	ota_or_precise_firmware_unsupported	275152a522f95bf83ab6f31ce2f58da1f70dd9fe2ee174754037b4a50251b45e
frame.pv0.data.09.qos_data_cf_ack.ds2.ht_control	frame	send_after_continuity_fix	assigned	pv0_data	parser_accept_backend_candidate	accepted	0	terminal_completion_or_precise_backend_reject	ota_or_precise_firmware_unsupported	c5ba2b5f84d8695dc18386739229cd4227da3c2ccb7bed2f6aa496a653316af2
frame.pv0.data.09.qos_data_cf_ack.ds3.base	frame	send_after_continuity_fix	assigned	pv0_data	parser_accept_backend_candidate	accepted	0	terminal_completion_or_precise_backend_reject	ota_or_precise_firmware_unsupported	e3e8b1a27ad1992fe7aef095d48f6f2617cae5766a0b93958adf406a1f070ece
frame.pv0.data.09.qos_data_cf_ack.ds3.ht_control	frame	send_after_continuity_fix	assigned	pv0_data	parser_accept_backend_candidate	accepted	0	terminal_completion_or_precise_backend_reject	ota_or_precise_firmware_unsupported	453a6743e1955b9dd9af2c2ce2d76934dd49d101449018ce3f940bb09f330694
frame.pv0.data.10.qos_data_cf_poll.ds0.base	frame	send_after_continuity_fix	assigned	pv0_data	parser_accept_backend_candidate	accepted	0	terminal_completion_or_precise_backend_reject	ota_or_precise_firmware_unsupported	ba0b05349be6712afc688edcb255ecc2ff6729dd096686a1d2de94ed2c887cf0
frame.pv0.data.10.qos_data_cf_poll.ds0.ht_control	frame	send_after_continuity_fix	assigned	pv0_data	parser_accept_backend_candidate	accepted	0	terminal_completion_or_precise_backend_reject	ota_or_precise_firmware_unsupported	8b003e9b584604038bab75cb79d3915f59fb8e943bc06bff2df8684add853c7e
frame.pv0.data.10.qos_data_cf_poll.ds1.base	frame	send_after_continuity_fix	assigned	pv0_data	parser_accept_backend_candidate	accepted	0	terminal_completion_or_precise_backend_reject	ota_or_precise_firmware_unsupported	781b288f376b62d4130b10b45dc471336a5d72e8a71fdba05ffa26d74acae016
frame.pv0.data.10.qos_data_cf_poll.ds1.ht_control	frame	send_after_continuity_fix	assigned	pv0_data	parser_accept_backend_candidate	accepted	0	terminal_completion_or_precise_backend_reject	ota_or_precise_firmware_unsupported	31c0c2d05df4cb938c82628929f3aaf97cfff1d563bac770e4c39f6ce350344b
frame.pv0.data.10.qos_data_cf_poll.ds2.base	frame	send_after_continuity_fix	assigned	pv0_data	parser_accept_backend_candidate	accepted	0	terminal_completion_or_precise_backend_reject	ota_or_precise_firmware_unsupported	ea29e3c0ab341c88b3fdd305f6e5f11869397c2ea2aece15f6a264e92c51128e
frame.pv0.data.10.qos_data_cf_poll.ds2.ht_control	frame	send_after_continuity_fix	assigned	pv0_data	parser_accept_backend_candidate	accepted	0	terminal_completion_or_precise_backend_reject	ota_or_precise_firmware_unsupported	5a087c987dc99463a5c6dbf2d673080516f83b63cf6473ac3788a742dce5a8c6
frame.pv0.data.10.qos_data_cf_poll.ds3.base	frame	send_after_continuity_fix	assigned	pv0_data	parser_accept_backend_candidate	accepted	0	terminal_completion_or_precise_backend_reject	ota_or_precise_firmware_unsupported	3c4948801907b259443badc67d9a8f48d3b7a6e08d0185c5eb0494ee48b16aab
frame.pv0.data.10.qos_data_cf_poll.ds3.ht_control	frame	send_after_continuity_fix	assigned	pv0_data	parser_accept_backend_candidate	accepted	0	terminal_completion_or_precise_backend_reject	ota_or_precise_firmware_unsupported	e6b7a9b1562c57d59bdd2884998d7607b7ae6ab92c15b1ff010d3ffda6b8b253
frame.pv0.data.11.qos_data_cf_ack_cf_poll.ds0.base	frame	send_after_continuity_fix	assigned	pv0_data	parser_accept_backend_candidate	accepted	0	terminal_completion_or_precise_backend_reject	ota_or_precise_firmware_unsupported	15713026477400bd568bef3472edaf459ca7283961cc2031d0fe7320dc4ff3af
frame.pv0.data.11.qos_data_cf_ack_cf_poll.ds0.ht_control	frame	send_after_continuity_fix	assigned	pv0_data	parser_accept_backend_candidate	accepted	0	terminal_completion_or_precise_backend_reject	ota_or_precise_firmware_unsupported	a5af51a77c3a891623c2ca39067cfc63c3020acd9a4a865da5a0af46e12a61cd
frame.pv0.data.11.qos_data_cf_ack_cf_poll.ds1.base	frame	send_after_continuity_fix	assigned	pv0_data	parser_accept_backend_candidate	accepted	0	terminal_completion_or_precise_backend_reject	ota_or_precise_firmware_unsupported	1c45a48019d96214bb960244133cbd26916ab655d31591065c71df4d106436c6
frame.pv0.data.11.qos_data_cf_ack_cf_poll.ds1.ht_control	frame	send_after_continuity_fix	assigned	pv0_data	parser_accept_backend_candidate	accepted	0	terminal_completion_or_precise_backend_reject	ota_or_precise_firmware_unsupported	788f21f07b3b985a89e912fe668fece6e910c89558f7564c86af5d367dcf92df
frame.pv0.data.11.qos_data_cf_ack_cf_poll.ds2.base	frame	send_after_continuity_fix	assigned	pv0_data	parser_accept_backend_candidate	accepted	0	terminal_completion_or_precise_backend_reject	ota_or_precise_firmware_unsupported	5f80cc0f997d1b22942827decdece3d3c1654c4e51b3a654ef5eeb6a9f4745d7
frame.pv0.data.11.qos_data_cf_ack_cf_poll.ds2.ht_control	frame	send_after_continuity_fix	assigned	pv0_data	parser_accept_backend_candidate	accepted	0	terminal_completion_or_precise_backend_reject	ota_or_precise_firmware_unsupported	014ccec3f9a08989b6ccbdfffe9417f4493bc613c2dce1749b0765a15744d632
frame.pv0.data.11.qos_data_cf_ack_cf_poll.ds3.base	frame	send_after_continuity_fix	assigned	pv0_data	parser_accept_backend_candidate	accepted	0	terminal_completion_or_precise_backend_reject	ota_or_precise_firmware_unsupported	5f53e219ee8d2ef03ddf701c94043ab7d8aa09784350a0afb89f8526d2312b74
frame.pv0.data.11.qos_data_cf_ack_cf_poll.ds3.ht_control	frame	send_after_continuity_fix	assigned	pv0_data	parser_accept_backend_candidate	accepted	0	terminal_completion_or_precise_backend_reject	ota_or_precise_firmware_unsupported	b4a179d3903a72b2bf25c0923de260eee666ae25f966c56718740ba0af97917e
frame.pv0.data.12.qos_null.ds0.base	frame	send_after_continuity_fix	assigned	pv0_data	parser_accept_backend_candidate	accepted	0	terminal_completion_or_precise_backend_reject	ota_or_precise_firmware_unsupported	8f3d7ebe06e55ea8bb47d9d651c9219ee097535f98a62890a9ab78dae8bab515
frame.pv0.data.12.qos_null.ds0.ht_control	frame	send_after_continuity_fix	assigned	pv0_data	parser_accept_backend_candidate	accepted	0	terminal_completion_or_precise_backend_reject	ota_or_precise_firmware_unsupported	e70034a847fd1420324a63f8329596f0c682007ca4f8c552950b3bdeb5cffdce
frame.pv0.data.12.qos_null.ds1.base	frame	send_after_continuity_fix	assigned	pv0_data	parser_accept_backend_candidate	accepted	0	terminal_completion_or_precise_backend_reject	ota_or_precise_firmware_unsupported	44cf78f07c6f5ea1990f004bb51c21ca5d56db6efdd16ccde80ebbb91fe48330
frame.pv0.data.12.qos_null.ds1.ht_control	frame	send_after_continuity_fix	assigned	pv0_data	parser_accept_backend_candidate	accepted	0	terminal_completion_or_precise_backend_reject	ota_or_precise_firmware_unsupported	0d579c5aab52dac6ed4f5a05a9deb4d1826c8c2cc883a4a3b52ee9b5fe575cf6
frame.pv0.data.12.qos_null.ds2.base	frame	send_after_continuity_fix	assigned	pv0_data	parser_accept_backend_candidate	accepted	0	terminal_completion_or_precise_backend_reject	ota_or_precise_firmware_unsupported	6fde8e85a033ef868c2cf9af72b14f68866c778602f1bc57c993293a6c56bdab
frame.pv0.data.12.qos_null.ds2.ht_control	frame	send_after_continuity_fix	assigned	pv0_data	parser_accept_backend_candidate	accepted	0	terminal_completion_or_precise_backend_reject	ota_or_precise_firmware_unsupported	a48f81a8c342e3a95c0fa82598920b6653be4d5de5241205715d272611eb4463
frame.pv0.data.12.qos_null.ds3.base	frame	send_after_continuity_fix	assigned	pv0_data	parser_accept_backend_candidate	accepted	0	terminal_completion_or_precise_backend_reject	ota_or_precise_firmware_unsupported	34e604aa48227ffcd430c6cc256b435874452533a5765cef0a75845b2b430e74
frame.pv0.data.12.qos_null.ds3.ht_control	frame	send_after_continuity_fix	assigned	pv0_data	parser_accept_backend_candidate	accepted	0	terminal_completion_or_precise_backend_reject	ota_or_precise_firmware_unsupported	6aa94ea8e2a7e5aefa3d7ad4c83e8818b4cdcc2bbd4f54ade228c53135f5e375
frame.pv0.data.13.qos_cf_ack.ds0.base	frame	send_after_continuity_fix	assigned	pv0_data	parser_accept_backend_candidate	accepted	0	terminal_completion_or_precise_backend_reject	ota_or_precise_firmware_unsupported	ca7f8e77d879a6d85fcbd3dccc9a5398cead9a1a86b155beb54d1b7cccba9d3c
frame.pv0.data.13.qos_cf_ack.ds0.ht_control	frame	send_after_continuity_fix	assigned	pv0_data	parser_accept_backend_candidate	accepted	0	terminal_completion_or_precise_backend_reject	ota_or_precise_firmware_unsupported	d4488a494d0040b1ae68d41fd39c34100ed1e003a297a2ac4ee83c0682669eaa
frame.pv0.data.13.qos_cf_ack.ds1.base	frame	send_after_continuity_fix	assigned	pv0_data	parser_accept_backend_candidate	accepted	0	terminal_completion_or_precise_backend_reject	ota_or_precise_firmware_unsupported	e532558513f1c3f5fa59bc393df22affa434fdc14b70d34a9351f7c486b8888d
frame.pv0.data.13.qos_cf_ack.ds1.ht_control	frame	send_after_continuity_fix	assigned	pv0_data	parser_accept_backend_candidate	accepted	0	terminal_completion_or_precise_backend_reject	ota_or_precise_firmware_unsupported	aa44f6fbcb2b5a17ccf28e52e3ed4a70339433fa68cf43b56ca83cac1a34dfec
frame.pv0.data.13.qos_cf_ack.ds2.base	frame	send_after_continuity_fix	assigned	pv0_data	parser_accept_backend_candidate	accepted	0	terminal_completion_or_precise_backend_reject	ota_or_precise_firmware_unsupported	79d65145d3b02f418c97c40bdf0d0fd218a51f22b62306852f141334a3fa9d12
frame.pv0.data.13.qos_cf_ack.ds2.ht_control	frame	send_after_continuity_fix	assigned	pv0_data	parser_accept_backend_candidate	accepted	0	terminal_completion_or_precise_backend_reject	ota_or_precise_firmware_unsupported	7b74238c176bd29c6b26c82300a8b836fa2a067761efa1ed55bbe1d375817171
frame.pv0.data.13.qos_cf_ack.ds3.base	frame	send_after_continuity_fix	assigned	pv0_data	parser_accept_backend_candidate	accepted	0	terminal_completion_or_precise_backend_reject	ota_or_precise_firmware_unsupported	b83a33b98e3257b24bd8cb4f601cabb71a71104541f286217fd2781d66565600
frame.pv0.data.13.qos_cf_ack.ds3.ht_control	frame	send_after_continuity_fix	assigned	pv0_data	parser_accept_backend_candidate	accepted	0	terminal_completion_or_precise_backend_reject	ota_or_precise_firmware_unsupported	ce46cf183860ab7f9197adea526fae3d9daae882a8115ed73fc035c7418cda75
frame.pv0.data.14.qos_cf_poll.ds0.base	frame	send_after_continuity_fix	assigned	pv0_data	parser_accept_backend_candidate	accepted	0	terminal_completion_or_precise_backend_reject	ota_or_precise_firmware_unsupported	a61cab7034e4509b1fa1fc52d1545fcac844ce9b87bd16488ec786f4581768e4
frame.pv0.data.14.qos_cf_poll.ds0.ht_control	frame	send_after_continuity_fix	assigned	pv0_data	parser_accept_backend_candidate	accepted	0	terminal_completion_or_precise_backend_reject	ota_or_precise_firmware_unsupported	463f23896682a1ade4386fe222b15ac3c547358c6e3dc97e47efe7aff0b25adf
frame.pv0.data.14.qos_cf_poll.ds1.base	frame	send_after_continuity_fix	assigned	pv0_data	parser_accept_backend_candidate	accepted	0	terminal_completion_or_precise_backend_reject	ota_or_precise_firmware_unsupported	4acece2e326dfa36b77caf295085654571ef22114f590eb98b20c0e3204db8c7
frame.pv0.data.14.qos_cf_poll.ds1.ht_control	frame	send_after_continuity_fix	assigned	pv0_data	parser_accept_backend_candidate	accepted	0	terminal_completion_or_precise_backend_reject	ota_or_precise_firmware_unsupported	ec1484aa52a1810ae76464097e8b02de39d576a48f76935d604fab542df4d5a4
frame.pv0.data.14.qos_cf_poll.ds2.base	frame	send_after_continuity_fix	assigned	pv0_data	parser_accept_backend_candidate	accepted	0	terminal_completion_or_precise_backend_reject	ota_or_precise_firmware_unsupported	be8030cf8f52f34d4381aa78e7ae1fab6d88173447448f4d2e7f3ef7b7e51702
frame.pv0.data.14.qos_cf_poll.ds2.ht_control	frame	send_after_continuity_fix	assigned	pv0_data	parser_accept_backend_candidate	accepted	0	terminal_completion_or_precise_backend_reject	ota_or_precise_firmware_unsupported	cbf6c3ba678c4348c2ced308732000d5854e2f082fe7399f32e7019c34bd556a
frame.pv0.data.14.qos_cf_poll.ds3.base	frame	send_after_continuity_fix	assigned	pv0_data	parser_accept_backend_candidate	accepted	0	terminal_completion_or_precise_backend_reject	ota_or_precise_firmware_unsupported	04fbbda9028823ad44643dd40b3a90ee8690fe48b6fd7cfa9d4e0f0102d5cf5c
frame.pv0.data.14.qos_cf_poll.ds3.ht_control	frame	send_after_continuity_fix	assigned	pv0_data	parser_accept_backend_candidate	accepted	0	terminal_completion_or_precise_backend_reject	ota_or_precise_firmware_unsupported	790c95330b83ae7c19f43382e5c7cf85d73038f087b68644f5d99b9280fa98b9
frame.pv0.data.15.qos_cf_ack_cf_poll.ds0.base	frame	send_after_continuity_fix	assigned	pv0_data	parser_accept_backend_candidate	accepted	0	terminal_completion_or_precise_backend_reject	ota_or_precise_firmware_unsupported	4725fb6dd83673564e44930c9677907f1eb3c1774421785d4916007a54555edb
frame.pv0.data.15.qos_cf_ack_cf_poll.ds0.ht_control	frame	send_after_continuity_fix	assigned	pv0_data	parser_accept_backend_candidate	accepted	0	terminal_completion_or_precise_backend_reject	ota_or_precise_firmware_unsupported	95c6a2f95acaa451f0dec025c2e08696e4733008609ad0b627d70977c46d9d52
frame.pv0.data.15.qos_cf_ack_cf_poll.ds1.base	frame	send_after_continuity_fix	assigned	pv0_data	parser_accept_backend_candidate	accepted	0	terminal_completion_or_precise_backend_reject	ota_or_precise_firmware_unsupported	70c00e88ac604a3c7f51a0353de351d00b70e2d43ecb36d3138d566552fb847e
frame.pv0.data.15.qos_cf_ack_cf_poll.ds1.ht_control	frame	send_after_continuity_fix	assigned	pv0_data	parser_accept_backend_candidate	accepted	0	terminal_completion_or_precise_backend_reject	ota_or_precise_firmware_unsupported	2bfe0d3d44313cf98d7e45d1944b3d122e81be3ee818e5ae0216b2fc0fbd77d6
frame.pv0.data.15.qos_cf_ack_cf_poll.ds2.base	frame	send_after_continuity_fix	assigned	pv0_data	parser_accept_backend_candidate	accepted	0	terminal_completion_or_precise_backend_reject	ota_or_precise_firmware_unsupported	2fd0446a6c5b3269af831297875e5ff682c72e188c974209b858cea2190972f4
frame.pv0.data.15.qos_cf_ack_cf_poll.ds2.ht_control	frame	send_after_continuity_fix	assigned	pv0_data	parser_accept_backend_candidate	accepted	0	terminal_completion_or_precise_backend_reject	ota_or_precise_firmware_unsupported	6293a216803439b1c0082a39c85150e8938db345a5f387764e1cf37ab10ddf99
frame.pv0.data.15.qos_cf_ack_cf_poll.ds3.base	frame	send_after_continuity_fix	assigned	pv0_data	parser_accept_backend_candidate	accepted	0	terminal_completion_or_precise_backend_reject	ota_or_precise_firmware_unsupported	592bf8d9756db9fdfbea32911cb783c33d09f1b752addd8c419d8e212966c445
frame.pv0.data.15.qos_cf_ack_cf_poll.ds3.ht_control	frame	send_after_continuity_fix	assigned	pv0_data	parser_accept_backend_candidate	accepted	0	terminal_completion_or_precise_backend_reject	ota_or_precise_firmware_unsupported	d28069efc5a98e4fab8ebd237b04ea724141b3b6db84403f963eb7a31eb3ac12
frame.pv0.data.00.ds0.ht0.minimum_minus_one	frame	parse_only	malformed	pv0_data_boundary	parse_reject_einval	rejected	-22	precise_parser_reject_without_submit	reject_without_submit	d3a574418c421cc90c64ecdd915c6030709e2811b98d758db289556e391fad7d
frame.pv0.data.00.ds3.ht0.minimum_minus_one	frame	parse_only	malformed	pv0_data_boundary	parse_reject_einval	rejected	-22	precise_parser_reject_without_submit	reject_without_submit	2326906b2a1febdd52924961ecc386aeab25775833e7363cc8963a62814d8359
frame.pv0.data.08.ds0.ht0.minimum_minus_one	frame	parse_only	malformed	pv0_data_boundary	parse_reject_einval	rejected	-22	precise_parser_reject_without_submit	reject_without_submit	5ae1a3f00929f98a71baa96f5b01a17f6f11302674925a56932bf204cbff95a2
frame.pv0.data.08.ds3.ht1.minimum_minus_one	frame	parse_only	malformed	pv0_data_boundary	parse_reject_einval	rejected	-22	precise_parser_reject_without_submit	reject_without_submit	181956f499859889e5dd1217025c492cb9267546410e20fbf35360d62835c8e1
frame.pv0.data.08.qos_data.mesh_ae0	frame	send_after_continuity_fix	assigned	pv0_mesh_data	parser_accept_backend_candidate	accepted	0	terminal_completion_or_precise_backend_reject	ota_or_precise_firmware_unsupported	665f0ee5ddfcb18199db4e22eb70de9c11aefce3c67717094560d53d990aca8a
frame.pv0.data.08.qos_data.mesh_ae1	frame	send_after_continuity_fix	assigned	pv0_mesh_data	parser_accept_backend_candidate	accepted	0	terminal_completion_or_precise_backend_reject	ota_or_precise_firmware_unsupported	6c11071a04012832e8aa4e80c6565233bcab9579cca79ec8f009cd1cd59735f6
frame.pv0.data.08.qos_data.mesh_ae2	frame	send_after_continuity_fix	assigned	pv0_mesh_data	parser_accept_backend_candidate	accepted	0	terminal_completion_or_precise_backend_reject	ota_or_precise_firmware_unsupported	78b98736ec1f6da0db224d90d99e69f790295371f4d05bb043739758a9c9b281
frame.pv0.data.00.data.payload.empty	frame	send_after_continuity_fix	assigned	pv0_data_payload_boundary	parser_accept_backend_candidate	accepted	0	terminal_completion_or_precise_backend_reject	ota_or_precise_firmware_unsupported	65bfae3f44ce7d15ee64047b499ab5a1e3b5853b79441efd4327b43a94eb1dbd
frame.pv0.data.00.data.payload.one	frame	send_after_continuity_fix	assigned	pv0_data_payload_boundary	parser_accept_backend_candidate	accepted	0	terminal_completion_or_precise_backend_reject	ota_or_precise_firmware_unsupported	95594ed2dfe60634626d331a82cace8c5e40af1bb75d378613c827f76b660287
frame.pv0.data.00.data.payload.llc_snap	frame	send_after_continuity_fix	assigned	pv0_data_payload_boundary	parser_accept_backend_candidate	accepted	0	terminal_completion_or_precise_backend_reject	ota_or_precise_firmware_unsupported	6b9fb674169a0fc513af3329ee3b7eeb27d0540e6dd741edbc9a4141f5ad939b
frame.pv0.data.00.data.payload.max	frame	send_after_continuity_fix	assigned	pv0_data_payload_boundary	parser_accept_backend_candidate	accepted	0	terminal_completion_or_precise_backend_reject	ota_or_precise_firmware_unsupported	9c1ba874e80a76c0670c95a9a892193d5914b47a2377fb6b5cb0acf8d6e584d5
frame.pv0.data.01.data_cf_ack.payload.empty	frame	send_after_continuity_fix	assigned	pv0_data_payload_boundary	parser_accept_backend_candidate	accepted	0	terminal_completion_or_precise_backend_reject	ota_or_precise_firmware_unsupported	10796fb31d6dc9a443487bd44bc40c7dda0679bae2b1d2303d404b257b86511a
frame.pv0.data.01.data_cf_ack.payload.one	frame	send_after_continuity_fix	assigned	pv0_data_payload_boundary	parser_accept_backend_candidate	accepted	0	terminal_completion_or_precise_backend_reject	ota_or_precise_firmware_unsupported	b6eb6c4fa50910bd9c6490f821ca0d375aa787373f58885964c0f3b6006bed15
frame.pv0.data.01.data_cf_ack.payload.llc_snap	frame	send_after_continuity_fix	assigned	pv0_data_payload_boundary	parser_accept_backend_candidate	accepted	0	terminal_completion_or_precise_backend_reject	ota_or_precise_firmware_unsupported	fa2d01fce8998a95e189cfc7878586149c69edcd3cfa9db964abb725e9b88985
frame.pv0.data.01.data_cf_ack.payload.max	frame	send_after_continuity_fix	assigned	pv0_data_payload_boundary	parser_accept_backend_candidate	accepted	0	terminal_completion_or_precise_backend_reject	ota_or_precise_firmware_unsupported	bd499e55c64d5a8139b356d025341c42b4f1d82836865952d10cddb0be7243d6
frame.pv0.data.02.data_cf_poll.payload.empty	frame	send_after_continuity_fix	assigned	pv0_data_payload_boundary	parser_accept_backend_candidate	accepted	0	terminal_completion_or_precise_backend_reject	ota_or_precise_firmware_unsupported	d491861609f1e5a9064bae1fd8b397ada3f77788c92845f6a7306285b432f19a
frame.pv0.data.02.data_cf_poll.payload.one	frame	send_after_continuity_fix	assigned	pv0_data_payload_boundary	parser_accept_backend_candidate	accepted	0	terminal_completion_or_precise_backend_reject	ota_or_precise_firmware_unsupported	9e17284c14365f6d7450d0e6299734add382d680a2b5e735d7f8ae253e0c38b9
frame.pv0.data.02.data_cf_poll.payload.llc_snap	frame	send_after_continuity_fix	assigned	pv0_data_payload_boundary	parser_accept_backend_candidate	accepted	0	terminal_completion_or_precise_backend_reject	ota_or_precise_firmware_unsupported	97df33511a3daa37d37e51f318c731ce290581b4c67f51e9bb382367047a7384
frame.pv0.data.02.data_cf_poll.payload.max	frame	send_after_continuity_fix	assigned	pv0_data_payload_boundary	parser_accept_backend_candidate	accepted	0	terminal_completion_or_precise_backend_reject	ota_or_precise_firmware_unsupported	c9fac8dd0cb65212ab4aafff06f98d55d0a5a98ad7368e9d8cd094d558c26cfd
frame.pv0.data.03.data_cf_ack_cf_poll.payload.empty	frame	send_after_continuity_fix	assigned	pv0_data_payload_boundary	parser_accept_backend_candidate	accepted	0	terminal_completion_or_precise_backend_reject	ota_or_precise_firmware_unsupported	b6bc667872db72b13be3ba8b1b4a9a1cc65c3a6284d048c5aab675bbeb0572c1
frame.pv0.data.03.data_cf_ack_cf_poll.payload.one	frame	send_after_continuity_fix	assigned	pv0_data_payload_boundary	parser_accept_backend_candidate	accepted	0	terminal_completion_or_precise_backend_reject	ota_or_precise_firmware_unsupported	19ef4b661c133415ae32091c25d70a772079d3052f3b27aee8e13789d3ce8e3f
frame.pv0.data.03.data_cf_ack_cf_poll.payload.llc_snap	frame	send_after_continuity_fix	assigned	pv0_data_payload_boundary	parser_accept_backend_candidate	accepted	0	terminal_completion_or_precise_backend_reject	ota_or_precise_firmware_unsupported	066608f0595a9012934c339196fa002e59537997de8e3d656ab913ca0173e425
frame.pv0.data.03.data_cf_ack_cf_poll.payload.max	frame	send_after_continuity_fix	assigned	pv0_data_payload_boundary	parser_accept_backend_candidate	accepted	0	terminal_completion_or_precise_backend_reject	ota_or_precise_firmware_unsupported	6168b09ad61e971e9561422042aede73bfb0b4f7b1f8d438f6b118394c2c2b72
frame.pv0.data.08.qos_data.payload.empty	frame	send_after_continuity_fix	assigned	pv0_data_payload_boundary	parser_accept_backend_candidate	accepted	0	terminal_completion_or_precise_backend_reject	ota_or_precise_firmware_unsupported	75308343309f934fb5b09e8825744e0f0b4437431bfd4660a7836336aa4a1943
frame.pv0.data.08.qos_data.payload.one	frame	send_after_continuity_fix	assigned	pv0_data_payload_boundary	parser_accept_backend_candidate	accepted	0	terminal_completion_or_precise_backend_reject	ota_or_precise_firmware_unsupported	9234bff63b184a3319508d00eade39194ad9639dee1dcd1fe37225f2c6436978
frame.pv0.data.08.qos_data.payload.llc_snap	frame	send_after_continuity_fix	assigned	pv0_data_payload_boundary	parser_accept_backend_candidate	accepted	0	terminal_completion_or_precise_backend_reject	ota_or_precise_firmware_unsupported	888334f36204b9d4580addfb0c22527d0a52fe04948ead7752a728e8bb6484f1
frame.pv0.data.08.qos_data.payload.max	frame	send_after_continuity_fix	assigned	pv0_data_payload_boundary	parser_accept_backend_candidate	accepted	0	terminal_completion_or_precise_backend_reject	ota_or_precise_firmware_unsupported	ecbd6dca6b57fe9551a5e00a39580e8a079d59446ebb1ae08f916748d053e3e3
frame.pv0.data.09.qos_data_cf_ack.payload.empty	frame	send_after_continuity_fix	assigned	pv0_data_payload_boundary	parser_accept_backend_candidate	accepted	0	terminal_completion_or_precise_backend_reject	ota_or_precise_firmware_unsupported	911ab96dea9f65bc1cf97fb41f6681c463548b1902a1b573e6ff1f70b1340678
frame.pv0.data.09.qos_data_cf_ack.payload.one	frame	send_after_continuity_fix	assigned	pv0_data_payload_boundary	parser_accept_backend_candidate	accepted	0	terminal_completion_or_precise_backend_reject	ota_or_precise_firmware_unsupported	e752bb4ebe6c45f592e986a998d226f313f9d61dcd1b25f1e2399cd60a798934
frame.pv0.data.09.qos_data_cf_ack.payload.llc_snap	frame	send_after_continuity_fix	assigned	pv0_data_payload_boundary	parser_accept_backend_candidate	accepted	0	terminal_completion_or_precise_backend_reject	ota_or_precise_firmware_unsupported	a4eb9b892ba71f735899bfc218d64d2971ca13442e3cdb4726c070aa191fa9e6
frame.pv0.data.09.qos_data_cf_ack.payload.max	frame	send_after_continuity_fix	assigned	pv0_data_payload_boundary	parser_accept_backend_candidate	accepted	0	terminal_completion_or_precise_backend_reject	ota_or_precise_firmware_unsupported	75a08a2dbddd125fa86613c30ac5b3f4b17b731ddafe30bafa3e6accec14620f
frame.pv0.data.10.qos_data_cf_poll.payload.empty	frame	send_after_continuity_fix	assigned	pv0_data_payload_boundary	parser_accept_backend_candidate	accepted	0	terminal_completion_or_precise_backend_reject	ota_or_precise_firmware_unsupported	27f21337373b41930dd85a77f672c622287727396ba8f725e55a84e1bf8426ee
frame.pv0.data.10.qos_data_cf_poll.payload.one	frame	send_after_continuity_fix	assigned	pv0_data_payload_boundary	parser_accept_backend_candidate	accepted	0	terminal_completion_or_precise_backend_reject	ota_or_precise_firmware_unsupported	faaad2bdb000e79c76573c29fd31f2b07d18d8f301a8b9da904082dcec555d66
frame.pv0.data.10.qos_data_cf_poll.payload.llc_snap	frame	send_after_continuity_fix	assigned	pv0_data_payload_boundary	parser_accept_backend_candidate	accepted	0	terminal_completion_or_precise_backend_reject	ota_or_precise_firmware_unsupported	89d2f16764419cc95b9c0cf4ac1952a52ffed0444bf9b5d4ae9c75c0b2f6edfb
frame.pv0.data.10.qos_data_cf_poll.payload.max	frame	send_after_continuity_fix	assigned	pv0_data_payload_boundary	parser_accept_backend_candidate	accepted	0	terminal_completion_or_precise_backend_reject	ota_or_precise_firmware_unsupported	372e147f5da45c6bfd33e23f686f3dde2c4f574f1606db27e8a1adeafc50b621
frame.pv0.data.11.qos_data_cf_ack_cf_poll.payload.empty	frame	send_after_continuity_fix	assigned	pv0_data_payload_boundary	parser_accept_backend_candidate	accepted	0	terminal_completion_or_precise_backend_reject	ota_or_precise_firmware_unsupported	6c1490e802e155273f44b59db89d6847fef5b52af90599810fa74029640b67e7
frame.pv0.data.11.qos_data_cf_ack_cf_poll.payload.one	frame	send_after_continuity_fix	assigned	pv0_data_payload_boundary	parser_accept_backend_candidate	accepted	0	terminal_completion_or_precise_backend_reject	ota_or_precise_firmware_unsupported	29fdc21d78b1b98820a34b7c512d9b3f40f13d12f35eef7c60a6dc0797a2b9b6
frame.pv0.data.11.qos_data_cf_ack_cf_poll.payload.llc_snap	frame	send_after_continuity_fix	assigned	pv0_data_payload_boundary	parser_accept_backend_candidate	accepted	0	terminal_completion_or_precise_backend_reject	ota_or_precise_firmware_unsupported	4e69f5f31d9996061881cf47cac8f7809a669aa27c4bdfd2c897b308cdaa941c
frame.pv0.data.11.qos_data_cf_ack_cf_poll.payload.max	frame	send_after_continuity_fix	assigned	pv0_data_payload_boundary	parser_accept_backend_candidate	accepted	0	terminal_completion_or_precise_backend_reject	ota_or_precise_firmware_unsupported	18e0b4292938ef79949cb7eca66e5d8f04694064ba38492c57edba1ca76a9364
frame.pv0.data.00.data.amsdu_0	frame	send_after_continuity_fix	assigned	pv0_data_amsdu	parser_accept_backend_candidate	accepted	0	terminal_completion_or_precise_backend_reject	ota_or_precise_firmware_unsupported	6543d8e09a028f3a05a397e9da93a3f0a8492ece00212499c36ccbf2faf3ed54
frame.pv0.data.00.data.amsdu_1	frame	send_after_continuity_fix	assigned	pv0_data_amsdu	parser_accept_backend_candidate	accepted	0	terminal_completion_or_precise_backend_reject	ota_or_precise_firmware_unsupported	0ad2defad4f0a4ce80670972bc849ba4f616e62fe3092fa216fa3c6682a484ed
frame.pv0.data.01.data_cf_ack.amsdu_0	frame	send_after_continuity_fix	assigned	pv0_data_amsdu	parser_accept_backend_candidate	accepted	0	terminal_completion_or_precise_backend_reject	ota_or_precise_firmware_unsupported	d7253163f82efc718c2852596abc5da1fd099471783f39660e85b0e6fe07beb2
frame.pv0.data.01.data_cf_ack.amsdu_1	frame	send_after_continuity_fix	assigned	pv0_data_amsdu	parser_accept_backend_candidate	accepted	0	terminal_completion_or_precise_backend_reject	ota_or_precise_firmware_unsupported	56308241b7b06e028a31cd11bb1bd024548a312180f5cedacc9e52632d441267
frame.pv0.data.02.data_cf_poll.amsdu_0	frame	send_after_continuity_fix	assigned	pv0_data_amsdu	parser_accept_backend_candidate	accepted	0	terminal_completion_or_precise_backend_reject	ota_or_precise_firmware_unsupported	872986228620323eebf61405b105d565b5460149c4b17c9d7e8dd4fa9eabac05
frame.pv0.data.02.data_cf_poll.amsdu_1	frame	send_after_continuity_fix	assigned	pv0_data_amsdu	parser_accept_backend_candidate	accepted	0	terminal_completion_or_precise_backend_reject	ota_or_precise_firmware_unsupported	a67e3dcb6cf75e6ba3ff7cc51fb12274f3930f030fa174218e390e135cfe2280
frame.pv0.data.03.data_cf_ack_cf_poll.amsdu_0	frame	send_after_continuity_fix	assigned	pv0_data_amsdu	parser_accept_backend_candidate	accepted	0	terminal_completion_or_precise_backend_reject	ota_or_precise_firmware_unsupported	b953b694523ec9d2d2ebef95c846992bb2e837a88d84bb0ccc2ad1c5c159f69c
frame.pv0.data.03.data_cf_ack_cf_poll.amsdu_1	frame	send_after_continuity_fix	assigned	pv0_data_amsdu	parser_accept_backend_candidate	accepted	0	terminal_completion_or_precise_backend_reject	ota_or_precise_firmware_unsupported	641349ae8db6e4f5252166736d8e864f2d316fc5fe4d28ec8adaf2b5f366c348
frame.pv0.data.08.qos_data.amsdu_0	frame	send_after_continuity_fix	assigned	pv0_data_amsdu	parser_accept_backend_candidate	accepted	0	terminal_completion_or_precise_backend_reject	ota_or_precise_firmware_unsupported	046116773b07eaca82839a77b252d0c83058232a4bcc2227254755dfcf1ca72c
frame.pv0.data.08.qos_data.amsdu_1	frame	send_after_continuity_fix	assigned	pv0_data_amsdu	parser_accept_backend_candidate	accepted	0	terminal_completion_or_precise_backend_reject	ota_or_precise_firmware_unsupported	072cea16a8802a9744ea76c722a5ba692a225db335d7e95d147db965e7d661b4
frame.pv0.data.09.qos_data_cf_ack.amsdu_0	frame	send_after_continuity_fix	assigned	pv0_data_amsdu	parser_accept_backend_candidate	accepted	0	terminal_completion_or_precise_backend_reject	ota_or_precise_firmware_unsupported	79b7f1bc6f52bc2c982ba3eb9659898139000ce8ede8bb995c6e623d349e4c57
frame.pv0.data.09.qos_data_cf_ack.amsdu_1	frame	send_after_continuity_fix	assigned	pv0_data_amsdu	parser_accept_backend_candidate	accepted	0	terminal_completion_or_precise_backend_reject	ota_or_precise_firmware_unsupported	fd66f9f0ee44a3418029fe1cefc376980fb0329462a1778c2f854c18a4964e4f
frame.pv0.data.10.qos_data_cf_poll.amsdu_0	frame	send_after_continuity_fix	assigned	pv0_data_amsdu	parser_accept_backend_candidate	accepted	0	terminal_completion_or_precise_backend_reject	ota_or_precise_firmware_unsupported	ca00ea9757a1f8ee6f245dcfe630e3300ab7bb00124d52690e765121ecb02db2
frame.pv0.data.10.qos_data_cf_poll.amsdu_1	frame	send_after_continuity_fix	assigned	pv0_data_amsdu	parser_accept_backend_candidate	accepted	0	terminal_completion_or_precise_backend_reject	ota_or_precise_firmware_unsupported	4030a96ae72684e16ce09914f1530e73e954a9484e2c7dfd09477b79d3ecbc84
frame.pv0.data.11.qos_data_cf_ack_cf_poll.amsdu_0	frame	send_after_continuity_fix	assigned	pv0_data_amsdu	parser_accept_backend_candidate	accepted	0	terminal_completion_or_precise_backend_reject	ota_or_precise_firmware_unsupported	be102cacba73c77cafc9c15d7c201e65b48d761155a17044dc107c0dddeba371
frame.pv0.data.11.qos_data_cf_ack_cf_poll.amsdu_1	frame	send_after_continuity_fix	assigned	pv0_data_amsdu	parser_accept_backend_candidate	accepted	0	terminal_completion_or_precise_backend_reject	ota_or_precise_firmware_unsupported	3296963412ecfab3947b86b4bec0af7f22799ae3debc2c18f70e296e80b091ac
frame.pv0.data.08.qos_data.amsdu_boundary.multi_subframes_padded	frame	send_after_continuity_fix	assigned	pv0_data_amsdu_boundary	parser_accept_backend_candidate	accepted	0	terminal_completion_or_precise_backend_reject	ota_or_precise_firmware_unsupported	23ed5dd16448c5c4840f55b69fd083d4b292971949cfca308017f2916f0883a4
frame.pv0.data.08.qos_data.amsdu_boundary.subframe_truncated	frame	parse_only	assigned	pv0_data_amsdu_boundary	parse_reject_einval	rejected	-22	precise_parser_reject_without_submit	ota_or_precise_firmware_unsupported	f93cc610d8271b7c2e360692b32d5f781390f76e461578eb3a172dc74bc9818d
frame.pv0.data.08.qos_data.amsdu_boundary.tail_not_padding	frame	parse_only	assigned	pv0_data_amsdu_boundary	parse_reject_einval	rejected	-22	precise_parser_reject_without_submit	ota_or_precise_firmware_unsupported	0ad14c5ff39e4ec1e86cb71d6013cebba04ec8a043b6e4e9a8ca5d610e184345
frame.pv0.data.08.qos_data.amsdu_boundary.ht_control_order	frame	send_after_continuity_fix	assigned	pv0_data_amsdu_boundary	parser_accept_backend_candidate	accepted	0	terminal_completion_or_precise_backend_reject	ota_or_precise_firmware_unsupported	d95535b87567fda2dac32f47ff90cdbf65de42c12fb251d7634b267a4b06fd19
frame.pv0.data.00.data.protected_boundary.min_iv	frame	send_after_continuity_fix	assigned	pv0_data_protected_boundary	parser_accept_backend_candidate	accepted	0	terminal_completion_or_precise_backend_reject	ota_or_precise_firmware_unsupported	c962675b4a0ff5a7c4730c5e8cb85fa595498066ecd59fb432fa054b7e863688
frame.pv0.data.00.data.protected_boundary.short_iv	frame	parse_only	assigned	pv0_data_protected_boundary	parse_reject_einval	rejected	-22	precise_parser_reject_without_submit	ota_or_precise_firmware_unsupported	328c17f35d8fb27eec047037d169d902b7759307ce5bdb5624a2383ef43ac5c5
frame.pv0.data.00.fragment.00	frame	send_after_continuity_fix	assigned	pv0_data_fragment	parser_accept_backend_candidate	accepted	0	terminal_completion_or_precise_backend_reject	ota_or_precise_firmware_unsupported	b51f7777d4b636d79c8506e20753f23f8bbd6e3a232a626c3ba6df29624547f6
frame.pv0.data.00.fragment.01	frame	send_after_continuity_fix	assigned	pv0_data_fragment	parser_accept_backend_candidate	accepted	0	terminal_completion_or_precise_backend_reject	ota_or_precise_firmware_unsupported	405024c8982660e5410218f2e25b9ed7cbda9f0c6bcc22cac0e052063ce39218
frame.pv0.data.00.fragment.15	frame	send_after_continuity_fix	assigned	pv0_data_fragment	parser_accept_backend_candidate	accepted	0	terminal_completion_or_precise_backend_reject	ota_or_precise_firmware_unsupported	fc2ca4a6f4ef24a014837cd79c93d373fff29a599d90d30bde098855426b9b66
frame.pv0.data.00.crypto.wep40.pn_zero	frame	send_after_continuity_fix	structurally_valid_crypto_fixture	pv0_raw_encrypted	parser_accept_backend_candidate	accepted	0	terminal_completion_or_precise_backend_reject	preserve_or_precise_crypto_unsupported	a1e4f1202103e515914cee9acd4a43f0bfaeabd870926a47d978b05f3781858c
frame.pv0.data.00.crypto.wep40.pn_one	frame	send_after_continuity_fix	structurally_valid_crypto_fixture	pv0_raw_encrypted	parser_accept_backend_candidate	accepted	0	terminal_completion_or_precise_backend_reject	preserve_or_precise_crypto_unsupported	bcac56e40742373e824c414ae38215235843fc9c4660da6f0c78991b751078bd
frame.pv0.data.00.crypto.wep40.pn_max48	frame	send_after_continuity_fix	structurally_valid_crypto_fixture	pv0_raw_encrypted	parser_accept_backend_candidate	accepted	0	terminal_completion_or_precise_backend_reject	preserve_or_precise_crypto_unsupported	e77c5d4dc6a6c0943b13ca9a7a8c89fc45df0ba4c7cfbecc3d2a3a7f65aba094
frame.pv0.data.00.crypto.tkip.pn_zero	frame	send_after_continuity_fix	structurally_valid_crypto_fixture	pv0_raw_encrypted	parser_accept_backend_candidate	accepted	0	terminal_completion_or_precise_backend_reject	preserve_or_precise_crypto_unsupported	01e10fe73d74c7713d804b0e35e9adc63d88f373d1965fa8938c58fb74547435
frame.pv0.data.00.crypto.tkip.pn_one	frame	send_after_continuity_fix	structurally_valid_crypto_fixture	pv0_raw_encrypted	parser_accept_backend_candidate	accepted	0	terminal_completion_or_precise_backend_reject	preserve_or_precise_crypto_unsupported	f68c65c39b398a31b373d72b82eeb013832dbe0f0df90212ba48b5602b23b03d
frame.pv0.data.00.crypto.tkip.pn_max48	frame	send_after_continuity_fix	structurally_valid_crypto_fixture	pv0_raw_encrypted	parser_accept_backend_candidate	accepted	0	terminal_completion_or_precise_backend_reject	preserve_or_precise_crypto_unsupported	bad211a310b322310edc0172ff564b69bc2ede4cda04ee704819215e870144e2
frame.pv0.data.00.crypto.ccmp128.pn_zero	frame	send_after_continuity_fix	structurally_valid_crypto_fixture	pv0_raw_encrypted	parser_accept_backend_candidate	accepted	0	terminal_completion_or_precise_backend_reject	preserve_or_precise_crypto_unsupported	8f97fc565eda25ea73c79f8715efedb7862aca032ad0c50e6cac0aa43eadcd9b
frame.pv0.data.00.crypto.ccmp128.pn_one	frame	send_after_continuity_fix	structurally_valid_crypto_fixture	pv0_raw_encrypted	parser_accept_backend_candidate	accepted	0	terminal_completion_or_precise_backend_reject	preserve_or_precise_crypto_unsupported	1a1d5f080e30729255b8ac621a8155d1fd6cea0f82b960f70538b2a2244d29f1
frame.pv0.data.00.crypto.ccmp128.pn_max48	frame	send_after_continuity_fix	structurally_valid_crypto_fixture	pv0_raw_encrypted	parser_accept_backend_candidate	accepted	0	terminal_completion_or_precise_backend_reject	preserve_or_precise_crypto_unsupported	e597652c9d77803f957eb92876ef444d887d8c41c933692ecde9da38adc8ee9b
frame.pv0.data.00.crypto.ccmp256.pn_zero	frame	send_after_continuity_fix	structurally_valid_crypto_fixture	pv0_raw_encrypted	parser_accept_backend_candidate	accepted	0	terminal_completion_or_precise_backend_reject	preserve_or_precise_crypto_unsupported	0c7ee5438e3e56c5a22696b2fa2f28588128621435210bb47758a0a034af894c
frame.pv0.data.00.crypto.ccmp256.pn_one	frame	send_after_continuity_fix	structurally_valid_crypto_fixture	pv0_raw_encrypted	parser_accept_backend_candidate	accepted	0	terminal_completion_or_precise_backend_reject	preserve_or_precise_crypto_unsupported	cd707d3a5c125f9992e461c487715c44253fd6296bf636c93a1205e54eb8117c
frame.pv0.data.00.crypto.ccmp256.pn_max48	frame	send_after_continuity_fix	structurally_valid_crypto_fixture	pv0_raw_encrypted	parser_accept_backend_candidate	accepted	0	terminal_completion_or_precise_backend_reject	preserve_or_precise_crypto_unsupported	faadf3a50993bbcba4701881105590959073056d6e04cfe78120497b04175078
frame.pv0.data.00.crypto.gcmp128.pn_zero	frame	send_after_continuity_fix	structurally_valid_crypto_fixture	pv0_raw_encrypted	parser_accept_backend_candidate	accepted	0	terminal_completion_or_precise_backend_reject	preserve_or_precise_crypto_unsupported	fcb09b66d178fdcae1de9d50a9bb34a8981f37e961c110a7ea0c5543c25c1cf7
frame.pv0.data.00.crypto.gcmp128.pn_one	frame	send_after_continuity_fix	structurally_valid_crypto_fixture	pv0_raw_encrypted	parser_accept_backend_candidate	accepted	0	terminal_completion_or_precise_backend_reject	preserve_or_precise_crypto_unsupported	4a1bc1ec20f99981265c37e872e6497f4fb8043cdc123c8455337b819e318bde
frame.pv0.data.00.crypto.gcmp128.pn_max48	frame	send_after_continuity_fix	structurally_valid_crypto_fixture	pv0_raw_encrypted	parser_accept_backend_candidate	accepted	0	terminal_completion_or_precise_backend_reject	preserve_or_precise_crypto_unsupported	d14d79363069f53a239e7886e6f37b01907c3f1a09f468789fe237e9691ab9dd
frame.pv0.data.00.crypto.gcmp256.pn_zero	frame	send_after_continuity_fix	structurally_valid_crypto_fixture	pv0_raw_encrypted	parser_accept_backend_candidate	accepted	0	terminal_completion_or_precise_backend_reject	preserve_or_precise_crypto_unsupported	0744c5bbdd4a53c17b412d23e5309a43cec9606f8f4b8334e5e077f29b2c2443
frame.pv0.data.00.crypto.gcmp256.pn_one	frame	send_after_continuity_fix	structurally_valid_crypto_fixture	pv0_raw_encrypted	parser_accept_backend_candidate	accepted	0	terminal_completion_or_precise_backend_reject	preserve_or_precise_crypto_unsupported	021badad0e19bcd85619e5d7949dde1a05512954844575938ed21f6d68dee254
frame.pv0.data.00.crypto.gcmp256.pn_max48	frame	send_after_continuity_fix	structurally_valid_crypto_fixture	pv0_raw_encrypted	parser_accept_backend_candidate	accepted	0	terminal_completion_or_precise_backend_reject	preserve_or_precise_crypto_unsupported	4101ccff096890fb7d78409ef460cee7d1d264e18825e5ad0cddc6e91d32f3ee
frame.pv0.data.08.crypto.wep40.pn_zero	frame	send_after_continuity_fix	structurally_valid_crypto_fixture	pv0_raw_encrypted	parser_accept_backend_candidate	accepted	0	terminal_completion_or_precise_backend_reject	preserve_or_precise_crypto_unsupported	d606712a0083c2ec3da6a58435e1aacf10306762a3bfac3b76021697271ae6af
frame.pv0.data.08.crypto.wep40.pn_one	frame	send_after_continuity_fix	structurally_valid_crypto_fixture	pv0_raw_encrypted	parser_accept_backend_candidate	accepted	0	terminal_completion_or_precise_backend_reject	preserve_or_precise_crypto_unsupported	ed7aac0d3d3f6ff9023e998551bd420bbe57aff0041425ff6997458c79352907
frame.pv0.data.08.crypto.wep40.pn_max48	frame	send_after_continuity_fix	structurally_valid_crypto_fixture	pv0_raw_encrypted	parser_accept_backend_candidate	accepted	0	terminal_completion_or_precise_backend_reject	preserve_or_precise_crypto_unsupported	79c4be90f688a7bc346d767532a10cf2fbf96af3dd4105ee466d51734c8ac597
frame.pv0.data.08.crypto.tkip.pn_zero	frame	send_after_continuity_fix	structurally_valid_crypto_fixture	pv0_raw_encrypted	parser_accept_backend_candidate	accepted	0	terminal_completion_or_precise_backend_reject	preserve_or_precise_crypto_unsupported	05a46d7e2f5790517446749a78b6a4af6b4710b4b51347ed9218a82d4629efee
frame.pv0.data.08.crypto.tkip.pn_one	frame	send_after_continuity_fix	structurally_valid_crypto_fixture	pv0_raw_encrypted	parser_accept_backend_candidate	accepted	0	terminal_completion_or_precise_backend_reject	preserve_or_precise_crypto_unsupported	839f532858eaf0783adfe3d2fac50a5ff8f26b4d97f5fca8134ee3a7b85c27d5
frame.pv0.data.08.crypto.tkip.pn_max48	frame	send_after_continuity_fix	structurally_valid_crypto_fixture	pv0_raw_encrypted	parser_accept_backend_candidate	accepted	0	terminal_completion_or_precise_backend_reject	preserve_or_precise_crypto_unsupported	c72518c761bb587d0d32e16d75379c86066ad6742d1c03396ca9a016d333e26a
frame.pv0.data.08.crypto.ccmp128.pn_zero	frame	send_after_continuity_fix	structurally_valid_crypto_fixture	pv0_raw_encrypted	parser_accept_backend_candidate	accepted	0	terminal_completion_or_precise_backend_reject	preserve_or_precise_crypto_unsupported	361f31534f0845357cec13c1e8b90bfe75a37501db58f42d5434021749c61968
frame.pv0.data.08.crypto.ccmp128.pn_one	frame	send_after_continuity_fix	structurally_valid_crypto_fixture	pv0_raw_encrypted	parser_accept_backend_candidate	accepted	0	terminal_completion_or_precise_backend_reject	preserve_or_precise_crypto_unsupported	949248fbfe7b1956597050446b13f3fc28edb141e58d9bbe71ddf5a899276c72
frame.pv0.data.08.crypto.ccmp128.pn_max48	frame	send_after_continuity_fix	structurally_valid_crypto_fixture	pv0_raw_encrypted	parser_accept_backend_candidate	accepted	0	terminal_completion_or_precise_backend_reject	preserve_or_precise_crypto_unsupported	8b19ced4147e3373e6d192c9d2baf1b6726b905b05d498739b8182730d173716
frame.pv0.data.08.crypto.ccmp256.pn_zero	frame	send_after_continuity_fix	structurally_valid_crypto_fixture	pv0_raw_encrypted	parser_accept_backend_candidate	accepted	0	terminal_completion_or_precise_backend_reject	preserve_or_precise_crypto_unsupported	7db0b7a3c61161a3fa5497d6a12d62f3d7d31e410c38ebe20fe3b0ec10b26244
frame.pv0.data.08.crypto.ccmp256.pn_one	frame	send_after_continuity_fix	structurally_valid_crypto_fixture	pv0_raw_encrypted	parser_accept_backend_candidate	accepted	0	terminal_completion_or_precise_backend_reject	preserve_or_precise_crypto_unsupported	de24e6341be6f81e795d11a7fc73070e50d565953825da91125a6db2869ff4e2
frame.pv0.data.08.crypto.ccmp256.pn_max48	frame	send_after_continuity_fix	structurally_valid_crypto_fixture	pv0_raw_encrypted	parser_accept_backend_candidate	accepted	0	terminal_completion_or_precise_backend_reject	preserve_or_precise_crypto_unsupported	71b461d1de6bf94edeaf4eae7512a5787c4062aa0c3e39575ed2662ccfa25838
frame.pv0.data.08.crypto.gcmp128.pn_zero	frame	send_after_continuity_fix	structurally_valid_crypto_fixture	pv0_raw_encrypted	parser_accept_backend_candidate	accepted	0	terminal_completion_or_precise_backend_reject	preserve_or_precise_crypto_unsupported	a57c5cdba5c350b70f5a99f363924fbcf3b4eea057323dae301b3a44f8bf4262
frame.pv0.data.08.crypto.gcmp128.pn_one	frame	send_after_continuity_fix	structurally_valid_crypto_fixture	pv0_raw_encrypted	parser_accept_backend_candidate	accepted	0	terminal_completion_or_precise_backend_reject	preserve_or_precise_crypto_unsupported	bd3a9799e709fa2647bf46a09239502edf21a80be530ae4b642873660ef97fb0
frame.pv0.data.08.crypto.gcmp128.pn_max48	frame	send_after_continuity_fix	structurally_valid_crypto_fixture	pv0_raw_encrypted	parser_accept_backend_candidate	accepted	0	terminal_completion_or_precise_backend_reject	preserve_or_precise_crypto_unsupported	693996fb7c8917b7d9fded146a70dfcfb94366c8d67b175dde4162a0f1915333
frame.pv0.data.08.crypto.gcmp256.pn_zero	frame	send_after_continuity_fix	structurally_valid_crypto_fixture	pv0_raw_encrypted	parser_accept_backend_candidate	accepted	0	terminal_completion_or_precise_backend_reject	preserve_or_precise_crypto_unsupported	24d11c556f87a33d740eb0177d876bb6c694eeb72f7dc270fd86e1ad19c8df4e
frame.pv0.data.08.crypto.gcmp256.pn_one	frame	send_after_continuity_fix	structurally_valid_crypto_fixture	pv0_raw_encrypted	parser_accept_backend_candidate	accepted	0	terminal_completion_or_precise_backend_reject	preserve_or_precise_crypto_unsupported	6d4b6d18fa00283dbfb331904be3842cd5b1d132fe5bf1ebcd670cc14996be71
frame.pv0.data.08.crypto.gcmp256.pn_max48	frame	send_after_continuity_fix	structurally_valid_crypto_fixture	pv0_raw_encrypted	parser_accept_backend_candidate	accepted	0	terminal_completion_or_precise_backend_reject	preserve_or_precise_crypto_unsupported	b894d85ab00bfa963ea260d7439a2cff3c39b4d5853eac4abc8b91619501ea97
frame.pv0.extension.00.dmg_beacon.host_minimum	frame	capability_only	assigned_non_peach_phy	dmg_extension	parser_accept_backend_candidate	accepted	0	static_hardware_unsupported	hardware_unsupported	e10da486c48bd66857240e82730159da256934ff0e3bfb00748823579c4e33b4
frame.pv0.extension.01.s1g_beacon.host_minimum	frame	capability_only	assigned_non_peach_phy	s1g_extension	parser_accept_backend_candidate	accepted	0	static_hardware_unsupported	hardware_unsupported	390b0eda5a8326f8ea5c30498381a304321640e63247232027e1805ed4e5e908
frame.pv0.data.00.oversize_max_plus_one	frame	parse_only	malformed	pv0_data_boundary	parse_reject_emsgsize	rejected	-90	precise_parser_reject_without_submit	reject_without_submit	0850e9636beb597810fca9aa8798bd0085f1e4487054d09e1c81d618aaf4c00c
frame.pv1.classifier.type0.subtype0	frame	capability_only	assigned_non_peach_phy	pv1_assigned	parser_accepts_opaque_non_pv0	accepted	0	static_hardware_unsupported	hardware_unsupported	2b1e2a89909683817fa263dad769a1ab42ead9b1223d3b682f37a8206913471a
frame.pv1.classifier.type0.subtype1	frame	capability_only	assigned_non_peach_phy	pv1_assigned	parser_accepts_opaque_non_pv0	accepted	0	static_hardware_unsupported	hardware_unsupported	c933b34a687a2459561bb3dfd267e2b154fa945bf6934569b23defadb27496a6
frame.pv1.classifier.type0.subtype2	frame	capability_only	assigned_non_peach_phy	pv1_assigned	parser_accepts_opaque_non_pv0	accepted	0	static_hardware_unsupported	hardware_unsupported	5babc27dbf62d9f1812cd09330189a9704633c141759ba352a7e99f69867beb1
frame.pv1.classifier.type0.subtype3	frame	capability_only	assigned_non_peach_phy	pv1_assigned	parser_accepts_opaque_non_pv0	accepted	0	static_hardware_unsupported	hardware_unsupported	8dce4c09c664365eae4ba92da64e51b2086f30d383b9a92e6e26924bbc8026f5
frame.pv1.classifier.type0.subtype4	frame	capability_only	assigned_non_peach_phy	pv1_assigned	parser_accepts_opaque_non_pv0	accepted	0	static_hardware_unsupported	hardware_unsupported	d11edd8cb9147f9562ea07fdb1d390162411f146c48df70589c2749ac79f6ef7
frame.pv1.classifier.type0.subtype5	frame	capability_only	assigned_non_peach_phy	pv1_assigned	parser_accepts_opaque_non_pv0	accepted	0	static_hardware_unsupported	hardware_unsupported	1e1ee59db7ecb48142159d2d170859a614b699cf8dc8547d2f5280d72649c721
frame.pv1.classifier.type0.subtype6	frame	capability_only	assigned_non_peach_phy	pv1_assigned	parser_accepts_opaque_non_pv0	accepted	0	static_hardware_unsupported	hardware_unsupported	9c7dc49d309cf66dcc0d579b0d240cdeb4f8cce5daad7c0ef7ac1ab262bdc552
frame.pv1.classifier.type0.subtype7	frame	capability_only	assigned_non_peach_phy	pv1_assigned	parser_accepts_opaque_non_pv0	accepted	0	static_hardware_unsupported	hardware_unsupported	88fd25e6e3de82a465467a7d826f62a43ae643a57e0bd5e8397430bf5344ad85
frame.pv1.classifier.type1.subtype0	frame	capability_only	assigned_non_peach_phy	pv1_assigned	parser_accepts_opaque_non_pv0	accepted	0	static_hardware_unsupported	hardware_unsupported	6258512bbe49542d037d5358840cacc6136fa448462e1ac6607a7b34d3572ee8
frame.pv1.classifier.type1.subtype1	frame	capability_only	assigned_non_peach_phy	pv1_assigned	parser_accepts_opaque_non_pv0	accepted	0	static_hardware_unsupported	hardware_unsupported	164617100393e9b75d94229e5c30ff6f42a9f973f8d7e3563c4bc2acd6e979ee
frame.pv1.classifier.type1.subtype2	frame	capability_only	assigned_non_peach_phy	pv1_assigned	parser_accepts_opaque_non_pv0	accepted	0	static_hardware_unsupported	hardware_unsupported	c3739f63255ca9ae907e810aca05cc1e85c0d9cea51efc09c6e91b9d68f28b9f
frame.pv1.classifier.type1.subtype3	frame	capability_only	assigned_non_peach_phy	pv1_assigned	parser_accepts_opaque_non_pv0	accepted	0	static_hardware_unsupported	hardware_unsupported	aafd4df85678df1afd059880e1ae4248a4967ce54de1e99eb29e3b0ba90510b2
frame.pv1.classifier.type1.subtype4	frame	classify_only	reserved	pv1_reserved	parser_accepts_opaque_non_pv0	accepted	0	precise_static_classification	precise_reserved_reject	ce328de443b8df32fcd3e62ab2d0c3a28fae87c83aeb2d97f2cde60d19e32aa3
frame.pv1.classifier.type1.subtype5	frame	classify_only	reserved	pv1_reserved	parser_accepts_opaque_non_pv0	accepted	0	precise_static_classification	precise_reserved_reject	0d84e5c8a8158e0f1d61af17ecea259ab35597960648dce3183571623cd420c0
frame.pv1.classifier.type1.subtype6	frame	classify_only	reserved	pv1_reserved	parser_accepts_opaque_non_pv0	accepted	0	precise_static_classification	precise_reserved_reject	aa9d9eb490815a090cee6f36ef8e0b9314151443559791e3078b25f874e2eece
frame.pv1.classifier.type1.subtype7	frame	classify_only	reserved	pv1_reserved	parser_accepts_opaque_non_pv0	accepted	0	precise_static_classification	precise_reserved_reject	33f76cec8f47a201ec02dacec097d5dfdc527537e3ad0a40f258cf483b4001e1
frame.pv1.classifier.type2.subtype0	frame	capability_only	assigned_non_peach_phy	pv1_assigned	parser_accepts_opaque_non_pv0	accepted	0	static_hardware_unsupported	hardware_unsupported	f66c3161215263b03ba472da748cbf40e00c89d1d65d53d2f21cec8b74eaac6b
frame.pv1.classifier.type2.subtype1	frame	capability_only	assigned_non_peach_phy	pv1_assigned	parser_accepts_opaque_non_pv0	accepted	0	static_hardware_unsupported	hardware_unsupported	14857fd6c46398c560f7c56a7d3e35d400f5af7f1d79612f69227b4f460b3520
frame.pv1.classifier.type2.subtype2	frame	classify_only	reserved	pv1_reserved	parser_accepts_opaque_non_pv0	accepted	0	precise_static_classification	precise_reserved_reject	f185345d9cf4f2acfb2e24420281284525ca942444bc7d48519e700c322aad08
frame.pv1.classifier.type2.subtype3	frame	classify_only	reserved	pv1_reserved	parser_accepts_opaque_non_pv0	accepted	0	precise_static_classification	precise_reserved_reject	0a3ca824dada187c0a0a5dec35f3b1b665fee3b3dd99f1d7ee3917159420e4f1
frame.pv1.classifier.type2.subtype4	frame	classify_only	reserved	pv1_reserved	parser_accepts_opaque_non_pv0	accepted	0	precise_static_classification	precise_reserved_reject	cac967c437d0ab89e025b6f514a453d1fd7ee8e63f14ea93722cfe133df98569
frame.pv1.classifier.type2.subtype5	frame	classify_only	reserved	pv1_reserved	parser_accepts_opaque_non_pv0	accepted	0	precise_static_classification	precise_reserved_reject	740b411dd1a9385f696a7cf39724a2b31bb5453ccbfc6fa422eab098c023937b
frame.pv1.classifier.type2.subtype6	frame	classify_only	reserved	pv1_reserved	parser_accepts_opaque_non_pv0	accepted	0	precise_static_classification	precise_reserved_reject	1ce1a44dfd56588a2b263a12e04e4ecd7737650f78f221a28fda64cbccb2cb0f
frame.pv1.classifier.type2.subtype7	frame	classify_only	reserved	pv1_reserved	parser_accepts_opaque_non_pv0	accepted	0	precise_static_classification	precise_reserved_reject	d8b6e0c73f8110f32a0f66c93008f8e023c3fb275b063e417c42733ec52802b0
frame.pv1.classifier.type3.subtype0	frame	capability_only	assigned_non_peach_phy	pv1_assigned	parser_accepts_opaque_non_pv0	accepted	0	static_hardware_unsupported	hardware_unsupported	5c84cfa626060dab67ba8243e1589e0290893dc18cc3fc2b8c32cf0c401b3eb8
frame.pv1.classifier.type3.subtype1	frame	capability_only	assigned_non_peach_phy	pv1_assigned	parser_accepts_opaque_non_pv0	accepted	0	static_hardware_unsupported	hardware_unsupported	71b2f78bf1ff6b1cf0f3d729cc500adeb7f0c5cec41e7c6a17ae24c262847551
frame.pv1.classifier.type3.subtype2	frame	capability_only	assigned_non_peach_phy	pv1_assigned	parser_accepts_opaque_non_pv0	accepted	0	static_hardware_unsupported	hardware_unsupported	eca72b8b844385ee517e300d66ec75e60f395bc0b8f0785872958fb737948109
frame.pv1.classifier.type3.subtype3	frame	capability_only	assigned_non_peach_phy	pv1_assigned	parser_accepts_opaque_non_pv0	accepted	0	static_hardware_unsupported	hardware_unsupported	74a93e5f02a40af6138a96dc3942dffbbfb97e1745ae73d1da9f3bc9c900cc8a
frame.pv1.classifier.type3.subtype4	frame	capability_only	assigned_non_peach_phy	pv1_assigned	parser_accepts_opaque_non_pv0	accepted	0	static_hardware_unsupported	hardware_unsupported	4cb1a6f867d6a18008d3fd74e3312841cfb00aaff60713cfee9946b2b60ceb3b
frame.pv1.classifier.type3.subtype5	frame	capability_only	assigned_non_peach_phy	pv1_assigned	parser_accepts_opaque_non_pv0	accepted	0	static_hardware_unsupported	hardware_unsupported	a690091a49362530f13f5c8864037391cefe268e97d1c2dce5cb727dd1263b28
frame.pv1.classifier.type3.subtype6	frame	capability_only	assigned_non_peach_phy	pv1_assigned	parser_accepts_opaque_non_pv0	accepted	0	static_hardware_unsupported	hardware_unsupported	070d2eb8ffb219beea9a62211c7d3d28aeacc0cae62df37fb201d33d1f6e37e4
frame.pv1.classifier.type3.subtype7	frame	capability_only	assigned_non_peach_phy	pv1_assigned	parser_accepts_opaque_non_pv0	accepted	0	static_hardware_unsupported	hardware_unsupported	9bc56632a43ea1603fa9b859c665c94d67d2a7eb98ff7dd20bc162c8a5098955
frame.pv1.classifier.type4.subtype0	frame	classify_only	reserved	pv1_reserved	parser_accepts_opaque_non_pv0	accepted	0	precise_static_classification	precise_reserved_reject	ca4273c85a2af6918901dc655fdbba4a5e47918d502e40214a61621cd5c65d00
frame.pv1.classifier.type4.subtype1	frame	classify_only	reserved	pv1_reserved	parser_accepts_opaque_non_pv0	accepted	0	precise_static_classification	precise_reserved_reject	7f6a5e84340180378b75d13b849d5f34a8514cfaba77c155589718f191eb6ee5
frame.pv1.classifier.type4.subtype2	frame	classify_only	reserved	pv1_reserved	parser_accepts_opaque_non_pv0	accepted	0	precise_static_classification	precise_reserved_reject	c801afdae86984ebc1c5a9d02243c5ed60ebb76a1c224dadda42a744776c9195
frame.pv1.classifier.type4.subtype3	frame	classify_only	reserved	pv1_reserved	parser_accepts_opaque_non_pv0	accepted	0	precise_static_classification	precise_reserved_reject	f66af58c3d24c0e41b366c6a8c7300e8fdc4655cfda9142acd3538aa9e16c7ca
frame.pv1.classifier.type4.subtype4	frame	classify_only	reserved	pv1_reserved	parser_accepts_opaque_non_pv0	accepted	0	precise_static_classification	precise_reserved_reject	c06ba781f07196ca98e7f13d44a4d3844590a762a7f4d8656b97555d7cdb36ee
frame.pv1.classifier.type4.subtype5	frame	classify_only	reserved	pv1_reserved	parser_accepts_opaque_non_pv0	accepted	0	precise_static_classification	precise_reserved_reject	ba64f4dd504067110d7631688f5e2c65f737e830844d7a48f38a7796e000b825
frame.pv1.classifier.type4.subtype6	frame	classify_only	reserved	pv1_reserved	parser_accepts_opaque_non_pv0	accepted	0	precise_static_classification	precise_reserved_reject	c99acad716402436af6532cf406c6e7ecc99f8d2da0f0bef2088e6398fb6d506
frame.pv1.classifier.type4.subtype7	frame	classify_only	reserved	pv1_reserved	parser_accepts_opaque_non_pv0	accepted	0	precise_static_classification	precise_reserved_reject	60db5f050334677c9c9d2f6df6f549505e0fd687615bc44386d8a7451ad69e2e
frame.pv1.classifier.type5.subtype0	frame	classify_only	reserved	pv1_reserved	parser_accepts_opaque_non_pv0	accepted	0	precise_static_classification	precise_reserved_reject	26c11949acb9dd72d4533de8b533ebcc4c1a55fb9258554c28df4d2ca24dd174
frame.pv1.classifier.type5.subtype1	frame	classify_only	reserved	pv1_reserved	parser_accepts_opaque_non_pv0	accepted	0	precise_static_classification	precise_reserved_reject	74d07d0642c2b521bafc866ab707e669c0646dde036cb27ccbb558b555d829cb
frame.pv1.classifier.type5.subtype2	frame	classify_only	reserved	pv1_reserved	parser_accepts_opaque_non_pv0	accepted	0	precise_static_classification	precise_reserved_reject	37bddfb3a49e1d66e0aa36897a8534053538ca372f78e1a64feb29940d1fbb24
frame.pv1.classifier.type5.subtype3	frame	classify_only	reserved	pv1_reserved	parser_accepts_opaque_non_pv0	accepted	0	precise_static_classification	precise_reserved_reject	9d219eb200ec8473c1a79bbdd392a7dbc06c14d1dc66ba3b656d5a4a6dee51c2
frame.pv1.classifier.type5.subtype4	frame	classify_only	reserved	pv1_reserved	parser_accepts_opaque_non_pv0	accepted	0	precise_static_classification	precise_reserved_reject	7ee84412f91465f91df69cdd8d9100f449a27beb941526aa802005f72b53efe1
frame.pv1.classifier.type5.subtype5	frame	classify_only	reserved	pv1_reserved	parser_accepts_opaque_non_pv0	accepted	0	precise_static_classification	precise_reserved_reject	abf33744bce7fb611ee3dd737ba3c6e8d7f93a06bb9350a1682eb018e62a1d43
frame.pv1.classifier.type5.subtype6	frame	classify_only	reserved	pv1_reserved	parser_accepts_opaque_non_pv0	accepted	0	precise_static_classification	precise_reserved_reject	b21f270e7e2684393444327286fa44a2595527707563435a9a4f5b26dffbff6f
frame.pv1.classifier.type5.subtype7	frame	classify_only	reserved	pv1_reserved	parser_accepts_opaque_non_pv0	accepted	0	precise_static_classification	precise_reserved_reject	313050d534d5533c9fcec77f1a9c25dda8d30e23454f3bafe1b8e68cd5a79f61
frame.pv1.classifier.type6.subtype0	frame	classify_only	reserved	pv1_reserved	parser_accepts_opaque_non_pv0	accepted	0	precise_static_classification	precise_reserved_reject	7ee0182e2b40d1d6f7c3f2affa1facd59710ebdea0cf684f2a04ab3aad83ad18
frame.pv1.classifier.type6.subtype1	frame	classify_only	reserved	pv1_reserved	parser_accepts_opaque_non_pv0	accepted	0	precise_static_classification	precise_reserved_reject	ad069a86ce05f72954ed5a346014e8a4e010abc648b26e3337095cd88e8e4542
frame.pv1.classifier.type6.subtype2	frame	classify_only	reserved	pv1_reserved	parser_accepts_opaque_non_pv0	accepted	0	precise_static_classification	precise_reserved_reject	a1bfae1df3562a787d79593cebbcc09fff3c5ff7ed6869ab80b2665599f04bb2
frame.pv1.classifier.type6.subtype3	frame	classify_only	reserved	pv1_reserved	parser_accepts_opaque_non_pv0	accepted	0	precise_static_classification	precise_reserved_reject	b14022d9656d44df98498c7310d0016e3499b7c9f6c62df8e18234e624919f46
frame.pv1.classifier.type6.subtype4	frame	classify_only	reserved	pv1_reserved	parser_accepts_opaque_non_pv0	accepted	0	precise_static_classification	precise_reserved_reject	4c458c2eacf7f77367203139cc164315877ed9140ac9c2fef7c82d459646e034
frame.pv1.classifier.type6.subtype5	frame	classify_only	reserved	pv1_reserved	parser_accepts_opaque_non_pv0	accepted	0	precise_static_classification	precise_reserved_reject	f09ca901b9effdd154ff0ed33ee610f0e6e465fa7aca4b8dfcc188f22eeb0c22
frame.pv1.classifier.type6.subtype6	frame	classify_only	reserved	pv1_reserved	parser_accepts_opaque_non_pv0	accepted	0	precise_static_classification	precise_reserved_reject	15dab2fb48478105ea171503915009add76e1c7f0c126d4e529154c733e41967
frame.pv1.classifier.type6.subtype7	frame	classify_only	reserved	pv1_reserved	parser_accepts_opaque_non_pv0	accepted	0	precise_static_classification	precise_reserved_reject	7a6d722a61ffafcbf8eec0f423b1dc255e4731445079ec32ccf8fd31961ae26c
frame.pv1.classifier.type7.subtype0	frame	classify_only	reserved	pv1_reserved	parser_accepts_opaque_non_pv0	accepted	0	precise_static_classification	precise_reserved_reject	5254e3bbe7caa8aaf1b1045ce7431e1a2a872cb89a87ef00ea09962a0db1bef2
frame.pv1.classifier.type7.subtype1	frame	classify_only	reserved	pv1_reserved	parser_accepts_opaque_non_pv0	accepted	0	precise_static_classification	precise_reserved_reject	f3587d636cf38a2da478d888fbc4e0cac0867b8c3b539ccdcbe0d1f14b4da15d
frame.pv1.classifier.type7.subtype2	frame	classify_only	reserved	pv1_reserved	parser_accepts_opaque_non_pv0	accepted	0	precise_static_classification	precise_reserved_reject	0027e5bfe72bec82ce02dcfd7b43807cc726b6fe35888c9705601c4f6011c9ec
frame.pv1.classifier.type7.subtype3	frame	classify_only	reserved	pv1_reserved	parser_accepts_opaque_non_pv0	accepted	0	precise_static_classification	precise_reserved_reject	7498546b20ddd0d0f2d1c881ef09c40e366f889379d6b809fddf9af5e01967bc
frame.pv1.classifier.type7.subtype4	frame	classify_only	reserved	pv1_reserved	parser_accepts_opaque_non_pv0	accepted	0	precise_static_classification	precise_reserved_reject	4424284365a9ca763414bdc4a34fba857fe844278fab992ab4ca2973707f68cc
frame.pv1.classifier.type7.subtype5	frame	classify_only	reserved	pv1_reserved	parser_accepts_opaque_non_pv0	accepted	0	precise_static_classification	precise_reserved_reject	8f08682b6b01f67c4ac783f3f56ba0ea6f8fa41a89b9d32d3f3e1ff86358cbfa
frame.pv1.classifier.type7.subtype6	frame	classify_only	reserved	pv1_reserved	parser_accepts_opaque_non_pv0	accepted	0	precise_static_classification	precise_reserved_reject	c52be372ff5b6800ea479347d3965ea4ba41d1245a191877fa74db9eaa5c315d
frame.pv1.classifier.type7.subtype7	frame	classify_only	reserved	pv1_reserved	parser_accepts_opaque_non_pv0	accepted	0	precise_static_classification	precise_reserved_reject	71ce958879b5114686afa2efa5fe9bdde16dadd398b8e45ee0633f15866c63b0
frame.pv1.data.type0.ds0.a30.a40.amsdu0	frame	capability_only	assigned_non_peach_phy	pv1_assigned	parser_accepts_opaque_non_pv0	accepted	0	static_hardware_unsupported	hardware_unsupported	2b1e2a89909683817fa263dad769a1ab42ead9b1223d3b682f37a8206913471a
frame.pv1.data.type0.ds0.a30.a40.amsdu1	frame	capability_only	assigned_non_peach_phy	pv1_assigned	parser_accepts_opaque_non_pv0	accepted	0	static_hardware_unsupported	hardware_unsupported	d6c94a03f4ddf1e57b9eb6cafe0274275b1aaee69ac81241967d3c100c118a38
frame.pv1.data.type0.ds0.a30.a41.amsdu0	frame	capability_only	assigned_non_peach_phy	pv1_assigned	parser_accepts_opaque_non_pv0	accepted	0	static_hardware_unsupported	hardware_unsupported	92a03524af79444009dc30a31084556b98527ab0f424fa64c0daa6b5b2f87f7a
frame.pv1.data.type0.ds0.a30.a41.amsdu1	frame	capability_only	assigned_non_peach_phy	pv1_assigned	parser_accepts_opaque_non_pv0	accepted	0	static_hardware_unsupported	hardware_unsupported	6df08862c295dcbf7bc4f166647d2a49a24b3cd72a3e113455bd50bf9b0bbabc
frame.pv1.data.type0.ds0.a31.a40.amsdu0	frame	capability_only	assigned_non_peach_phy	pv1_assigned	parser_accepts_opaque_non_pv0	accepted	0	static_hardware_unsupported	hardware_unsupported	98e32e75c5d1c92bbf35f5127708bc29d0ab4cbbe26a9ff860a204eca1cfc3c8
frame.pv1.data.type0.ds0.a31.a40.amsdu1	frame	capability_only	assigned_non_peach_phy	pv1_assigned	parser_accepts_opaque_non_pv0	accepted	0	static_hardware_unsupported	hardware_unsupported	4710f5a79be3a92512d9f6da9502039889fd032d530bb58f1bba34028cc98d26
frame.pv1.data.type0.ds0.a31.a41.amsdu0	frame	capability_only	assigned_non_peach_phy	pv1_assigned	parser_accepts_opaque_non_pv0	accepted	0	static_hardware_unsupported	hardware_unsupported	b85ffe75ac2e29ee526bbf9048db180fb66f602813c4794faf30314b636db03e
frame.pv1.data.type0.ds0.a31.a41.amsdu1	frame	capability_only	assigned_non_peach_phy	pv1_assigned	parser_accepts_opaque_non_pv0	accepted	0	static_hardware_unsupported	hardware_unsupported	b94d46b4c4158128893b87046a685bdd30b6f9c336b36d0a03f41334d88c113f
frame.pv1.data.type0.ds1.a30.a40.amsdu0	frame	capability_only	assigned_non_peach_phy	pv1_assigned	parser_accepts_opaque_non_pv0	accepted	0	static_hardware_unsupported	hardware_unsupported	df5d44f73f3d0b91f40d22afa1ae4d838495cd11abc39a8927ca2c0691e54e1c
frame.pv1.data.type0.ds1.a30.a40.amsdu1	frame	capability_only	assigned_non_peach_phy	pv1_assigned	parser_accepts_opaque_non_pv0	accepted	0	static_hardware_unsupported	hardware_unsupported	18716799e101ec8014fcada25e5de57e31fa3cee788f8ecfaded6ecfb782f02f
frame.pv1.data.type0.ds1.a30.a41.amsdu0	frame	capability_only	assigned_non_peach_phy	pv1_assigned	parser_accepts_opaque_non_pv0	accepted	0	static_hardware_unsupported	hardware_unsupported	2d0dd7294eeca7eb70d159774bcc86a500d222347f0ccff90b3eb236c8516116
frame.pv1.data.type0.ds1.a30.a41.amsdu1	frame	capability_only	assigned_non_peach_phy	pv1_assigned	parser_accepts_opaque_non_pv0	accepted	0	static_hardware_unsupported	hardware_unsupported	6a456be04c5fba43cb99fe4e2bcb1351f220e925f7c1a1e5407ad31bbe7dab62
frame.pv1.data.type0.ds1.a31.a40.amsdu0	frame	capability_only	assigned_non_peach_phy	pv1_assigned	parser_accepts_opaque_non_pv0	accepted	0	static_hardware_unsupported	hardware_unsupported	e5d06b7b490d7b736fd9b1dd8755fabd0952f1fd02de24a0efb3c9a0df60cdd3
frame.pv1.data.type0.ds1.a31.a40.amsdu1	frame	capability_only	assigned_non_peach_phy	pv1_assigned	parser_accepts_opaque_non_pv0	accepted	0	static_hardware_unsupported	hardware_unsupported	60cd29e0e6f266167202662a0d8a143c6ecfc97c492b58f4e7f62ec8b4ef4c37
frame.pv1.data.type0.ds1.a31.a41.amsdu0	frame	capability_only	assigned_non_peach_phy	pv1_assigned	parser_accepts_opaque_non_pv0	accepted	0	static_hardware_unsupported	hardware_unsupported	82eca1080a6c7aa5223c34fc3ecd82206d5f770ca21db28d4c6409eb55b14030
frame.pv1.data.type0.ds1.a31.a41.amsdu1	frame	capability_only	assigned_non_peach_phy	pv1_assigned	parser_accepts_opaque_non_pv0	accepted	0	static_hardware_unsupported	hardware_unsupported	84d7510e737e779166e26b68404d77da14e6fbe6974d9457a18f84937e0ed60f
frame.pv1.data.type3.ds0.a30.a40.amsdu0	frame	capability_only	assigned_non_peach_phy	pv1_assigned	parser_accepts_opaque_non_pv0	accepted	0	static_hardware_unsupported	hardware_unsupported	5c84cfa626060dab67ba8243e1589e0290893dc18cc3fc2b8c32cf0c401b3eb8
frame.pv1.data.type3.ds0.a30.a40.amsdu1	frame	capability_only	assigned_non_peach_phy	pv1_assigned	parser_accepts_opaque_non_pv0	accepted	0	static_hardware_unsupported	hardware_unsupported	5c84cfa626060dab67ba8243e1589e0290893dc18cc3fc2b8c32cf0c401b3eb8
frame.pv1.data.type3.ds0.a30.a41.amsdu0	frame	capability_only	assigned_non_peach_phy	pv1_assigned	parser_accepts_opaque_non_pv0	accepted	0	static_hardware_unsupported	hardware_unsupported	0e0a09883f2bb1cfe3567e8c64d3558c9961826e786fba4688d19ff59e2de763
frame.pv1.data.type3.ds0.a30.a41.amsdu1	frame	capability_only	assigned_non_peach_phy	pv1_assigned	parser_accepts_opaque_non_pv0	accepted	0	static_hardware_unsupported	hardware_unsupported	0e0a09883f2bb1cfe3567e8c64d3558c9961826e786fba4688d19ff59e2de763
frame.pv1.data.type3.ds0.a31.a40.amsdu0	frame	capability_only	assigned_non_peach_phy	pv1_assigned	parser_accepts_opaque_non_pv0	accepted	0	static_hardware_unsupported	hardware_unsupported	9c535980a871ad6e68c259c0876a0b3a17b344484ed3b37dbb8a4adcc1d6992b
frame.pv1.data.type3.ds0.a31.a40.amsdu1	frame	capability_only	assigned_non_peach_phy	pv1_assigned	parser_accepts_opaque_non_pv0	accepted	0	static_hardware_unsupported	hardware_unsupported	9c535980a871ad6e68c259c0876a0b3a17b344484ed3b37dbb8a4adcc1d6992b
frame.pv1.data.type3.ds0.a31.a41.amsdu0	frame	capability_only	assigned_non_peach_phy	pv1_assigned	parser_accepts_opaque_non_pv0	accepted	0	static_hardware_unsupported	hardware_unsupported	e0c9990e0be2f738628f8ef6fa82c02fe9c29e8e0da0cba016b4a36ae1cb7fbf
frame.pv1.data.type3.ds0.a31.a41.amsdu1	frame	capability_only	assigned_non_peach_phy	pv1_assigned	parser_accepts_opaque_non_pv0	accepted	0	static_hardware_unsupported	hardware_unsupported	e0c9990e0be2f738628f8ef6fa82c02fe9c29e8e0da0cba016b4a36ae1cb7fbf
frame.pv1.data.type3.ds1.a30.a40.amsdu0	frame	capability_only	assigned_non_peach_phy	pv1_assigned	parser_accepts_opaque_non_pv0	accepted	0	static_hardware_unsupported	hardware_unsupported	1b59c1e0adbc399496bf9d2801fa462f011722dd61b72fb8665eaa2db31d13f5
frame.pv1.data.type3.ds1.a30.a40.amsdu1	frame	capability_only	assigned_non_peach_phy	pv1_assigned	parser_accepts_opaque_non_pv0	accepted	0	static_hardware_unsupported	hardware_unsupported	1b59c1e0adbc399496bf9d2801fa462f011722dd61b72fb8665eaa2db31d13f5
frame.pv1.data.type3.ds1.a30.a41.amsdu0	frame	capability_only	assigned_non_peach_phy	pv1_assigned	parser_accepts_opaque_non_pv0	accepted	0	static_hardware_unsupported	hardware_unsupported	7e869876045d86064d469671dc3316b64a1e2b8afb9d6809a16d3f2f16bae70f
frame.pv1.data.type3.ds1.a30.a41.amsdu1	frame	capability_only	assigned_non_peach_phy	pv1_assigned	parser_accepts_opaque_non_pv0	accepted	0	static_hardware_unsupported	hardware_unsupported	7e869876045d86064d469671dc3316b64a1e2b8afb9d6809a16d3f2f16bae70f
frame.pv1.data.type3.ds1.a31.a40.amsdu0	frame	capability_only	assigned_non_peach_phy	pv1_assigned	parser_accepts_opaque_non_pv0	accepted	0	static_hardware_unsupported	hardware_unsupported	f9a5c6aacfc614fd15f156042f4472fdaabd7c326dfb666bc94c25411879cd98
frame.pv1.data.type3.ds1.a31.a40.amsdu1	frame	capability_only	assigned_non_peach_phy	pv1_assigned	parser_accepts_opaque_non_pv0	accepted	0	static_hardware_unsupported	hardware_unsupported	f9a5c6aacfc614fd15f156042f4472fdaabd7c326dfb666bc94c25411879cd98
frame.pv1.data.type3.ds1.a31.a41.amsdu0	frame	capability_only	assigned_non_peach_phy	pv1_assigned	parser_accepts_opaque_non_pv0	accepted	0	static_hardware_unsupported	hardware_unsupported	07122d337dd36d952eaf84664984f7f94d384aeb5be95947f76efda1bdce66c6
frame.pv1.data.type3.ds1.a31.a41.amsdu1	frame	capability_only	assigned_non_peach_phy	pv1_assigned	parser_accepts_opaque_non_pv0	accepted	0	static_hardware_unsupported	hardware_unsupported	07122d337dd36d952eaf84664984f7f94d384aeb5be95947f76efda1bdce66c6
frame.s1g_ndp.1mhz.type0	frame	capability_only	assigned_non_peach_phy	s1g_ndp	not_representable_as_monitor_mpdu	not_applicable	None	static_hardware_unsupported	hardware_unsupported	df3f619804a92fdb4057192dc43dd748ea778adc52bc498ce80524c014b81119
frame.s1g_ndp.1mhz.type1	frame	capability_only	assigned_non_peach_phy	s1g_ndp	not_representable_as_monitor_mpdu	not_applicable	None	static_hardware_unsupported	hardware_unsupported	67abdd721024f0ff4e0b3f4c2fc13bc5bad42d0b7851d456d88d203d15aaa450
frame.s1g_ndp.1mhz.type2	frame	capability_only	assigned_non_peach_phy	s1g_ndp	not_representable_as_monitor_mpdu	not_applicable	None	static_hardware_unsupported	hardware_unsupported	26b25d457597a7b0463f9620f666dd10aa2c4373a505967c7c8d70922a2d6ece
frame.s1g_ndp.1mhz.type3	frame	capability_only	assigned_non_peach_phy	s1g_ndp	not_representable_as_monitor_mpdu	not_applicable	None	static_hardware_unsupported	hardware_unsupported	9d9f290527a6be626a8f5985b26e19b237b44872b03631811df4416fc1713178
frame.s1g_ndp.1mhz.type4	frame	capability_only	assigned_non_peach_phy	s1g_ndp	not_representable_as_monitor_mpdu	not_applicable	None	static_hardware_unsupported	hardware_unsupported	fb5e512425fc9449316ec95969ebe71e2d576dbab833d61e2a5b9330fd70ee02
frame.s1g_ndp.1mhz.type5	frame	capability_only	assigned_non_peach_phy	s1g_ndp	not_representable_as_monitor_mpdu	not_applicable	None	static_hardware_unsupported	hardware_unsupported	2594b6a92ebfb1c3312deb7d01c015fb95e9fbe9bd7bc6b527af07813ec7b910
frame.s1g_ndp.1mhz.type6	frame	capability_only	assigned_non_peach_phy	s1g_ndp	not_representable_as_monitor_mpdu	not_applicable	None	static_hardware_unsupported	hardware_unsupported	7aa8ca4a02506da9133d8f889678b76f716ce45d02e22fdb7b70a15e56a0eff8
frame.s1g_ndp.1mhz.type7	frame	capability_only	assigned_non_peach_phy	s1g_ndp	not_representable_as_monitor_mpdu	not_applicable	None	static_hardware_unsupported	hardware_unsupported	e8613f5a5bc9f9feeda32a8e7c80b69dd4878e47b6a91723fb15eb84236b6a2b
frame.s1g_ndp.2mhz.type0	frame	capability_only	assigned_non_peach_phy	s1g_ndp	not_representable_as_monitor_mpdu	not_applicable	None	static_hardware_unsupported	hardware_unsupported	8855508aade16ec573d21e6a485dfd0a7624085c1a14b5ecdd6485de0c6839a4
frame.s1g_ndp.2mhz.type1	frame	capability_only	assigned_non_peach_phy	s1g_ndp	not_representable_as_monitor_mpdu	not_applicable	None	static_hardware_unsupported	hardware_unsupported	957b88b12730e646e0f33d3618b77dfa579e8231e3c59c7104be7165611c8027
frame.s1g_ndp.2mhz.type2	frame	capability_only	assigned_non_peach_phy	s1g_ndp	not_representable_as_monitor_mpdu	not_applicable	None	static_hardware_unsupported	hardware_unsupported	395c2f5598a1643a205154c6f4c46ce36895b28e6c35660a95e5c6fd5ef9aeab
frame.s1g_ndp.2mhz.type3	frame	capability_only	assigned_non_peach_phy	s1g_ndp	not_representable_as_monitor_mpdu	not_applicable	None	static_hardware_unsupported	hardware_unsupported	a665e6b115dd56fd3e0c89be631e6eda8e9666b822e0bd7026bf0822c4bbc68f
frame.s1g_ndp.2mhz.type4	frame	capability_only	assigned_non_peach_phy	s1g_ndp	not_representable_as_monitor_mpdu	not_applicable	None	static_hardware_unsupported	hardware_unsupported	88420266dfd64d604627234a8a6c75cf6477c6fd5505df0d17c59959ae9ce234
frame.s1g_ndp.2mhz.type5	frame	capability_only	assigned_non_peach_phy	s1g_ndp	not_representable_as_monitor_mpdu	not_applicable	None	static_hardware_unsupported	hardware_unsupported	49e8e3297545c15ab6a79471a7a34d43e24a8f1cb25ea3d8417c61f699267a3f
frame.s1g_ndp.2mhz.type6	frame	capability_only	assigned_non_peach_phy	s1g_ndp	not_representable_as_monitor_mpdu	not_applicable	None	static_hardware_unsupported	hardware_unsupported	b45482224b439a3d548c65378929b7dcc16a42288530b7b20d5c8103cc879d10
frame.s1g_ndp.2mhz.type7	frame	capability_only	assigned_non_peach_phy	s1g_ndp	not_representable_as_monitor_mpdu	not_applicable	None	static_hardware_unsupported	hardware_unsupported	e16ab60aa1eeb7074ca590e8a95bc4ce6264aa74f4f79359e580ede60b892bbe
radiotap.00.tsft.present_zero	radiotap	parse_then_send_if_accepted_after_continuity_fix	structurally_valid	radiotap_fixed	parse_reject_eopnotsupp	rejected	-95	precise_parser_reject_without_submit	direction_semantics_and_backend_effect_or_precise_reject	df3e175229bc40fe93261cb8d4f255a2cccdf9aac0d1ba5879515555e6c813e7
radiotap.00.tsft.present_nonzero	radiotap	parse_then_send_if_accepted_after_continuity_fix	structurally_valid	radiotap_fixed	parse_reject_eopnotsupp	rejected	-95	precise_parser_reject_without_submit	direction_semantics_and_backend_effect_or_precise_reject	751479403c8dccdd22720a762776dc3f94625bf0ed2f6a0e33c2b97eb6f05deb
radiotap.00.tsft.truncated	radiotap	parse_only	malformed	radiotap_fixed	parse_reject_einval	rejected	-22	precise_parser_reject_without_submit	reject_without_submit	f2bb45887f27959936dd8b3387e9318ebeb15c04602b0cc1818354b0297ddb84
radiotap.01.flags.present_zero	radiotap	parse_then_send_if_accepted_after_continuity_fix	structurally_valid	radiotap_fixed	parser_accept_backend_candidate	accepted	0	terminal_completion_or_precise_backend_reject	direction_semantics_and_backend_effect_or_precise_reject	075ca0807f3364cec7138b6e478f477e9d6aeceee34259b4bd31f31728091193
radiotap.01.flags.present_nonzero	radiotap	parse_then_send_if_accepted_after_continuity_fix	structurally_valid	radiotap_fixed	parser_accept_backend_candidate	accepted	0	terminal_completion_or_precise_backend_reject	direction_semantics_and_backend_effect_or_precise_reject	66b894ac1d646eb4d259230b98c99bd1ec792e4c6e03e3caa6dadb06c3c8014d
radiotap.01.flags.truncated	radiotap	parse_only	malformed	radiotap_fixed	parse_reject_einval	rejected	-22	precise_parser_reject_without_submit	reject_without_submit	9ffa181278b632024d0fd4420818886deb8e04cb10dd9e91514a64d7760927bb
radiotap.02.rate.present_zero	radiotap	parse_then_send_if_accepted_after_continuity_fix	structurally_valid	radiotap_fixed	parse_reject_eopnotsupp	rejected	-95	precise_parser_reject_without_submit	direction_semantics_and_backend_effect_or_precise_reject	0d6fc2fee2a8608f95774faaaa184e8a1d28aa390fcedaed79880400d8e0bb1b
radiotap.02.rate.present_nonzero	radiotap	parse_then_send_if_accepted_after_continuity_fix	structurally_valid	radiotap_fixed	parser_accept_backend_candidate	accepted	0	terminal_completion_or_precise_backend_reject	direction_semantics_and_backend_effect_or_precise_reject	48f61c127991604b52b8832107f95975843a3832d6ae99ff65a6096bc1073eb4
radiotap.02.rate.truncated	radiotap	parse_only	malformed	radiotap_fixed	parse_reject_einval	rejected	-22	precise_parser_reject_without_submit	reject_without_submit	75dcafe7b888ae3e98d571da0ee79bccd035911feabc253c8ee659e19cacd055
radiotap.03.channel.present_zero	radiotap	parse_then_send_if_accepted_after_continuity_fix	structurally_valid	radiotap_fixed	parse_reject_einval	rejected	-22	precise_parser_reject_without_submit	direction_semantics_and_backend_effect_or_precise_reject	8dec623318a9333375f7f49bfefca84eabd6628c2f5c2f870de42cdf1fc26fd0
radiotap.03.channel.present_nonzero	radiotap	parse_then_send_if_accepted_after_continuity_fix	structurally_valid	radiotap_fixed	parser_accept_backend_candidate	accepted	0	terminal_completion_or_precise_backend_reject	direction_semantics_and_backend_effect_or_precise_reject	330d54677b47d8f26db6c4edfcd49e65144ada96e51cdb9efb0bab56671e2283
radiotap.03.channel.truncated	radiotap	parse_only	malformed	radiotap_fixed	parse_reject_einval	rejected	-22	precise_parser_reject_without_submit	reject_without_submit	2860f704b98b252ad30bd5796edb907b07d2d322adbbe37c9354f75b5fdd15f2
radiotap.04.fhss.present_zero	radiotap	parse_then_send_if_accepted_after_continuity_fix	structurally_valid	radiotap_fixed	parse_reject_eopnotsupp	rejected	-95	precise_parser_reject_without_submit	direction_semantics_and_backend_effect_or_precise_reject	90df36065d90e70fe879be3a0ac8c740a64d4cd6f9cdb15dc74866213c67c595
radiotap.04.fhss.present_nonzero	radiotap	parse_then_send_if_accepted_after_continuity_fix	structurally_valid	radiotap_fixed	parse_reject_eopnotsupp	rejected	-95	precise_parser_reject_without_submit	direction_semantics_and_backend_effect_or_precise_reject	2aaaab07a6ebd7be0d161a5cd29da9fbbc029937169b1c4a040db8f98ad11e11
radiotap.04.fhss.truncated	radiotap	parse_only	malformed	radiotap_fixed	parse_reject_einval	rejected	-22	precise_parser_reject_without_submit	reject_without_submit	1b622ee69243511ff673e2dedb63ff7b008ba364e3e4b421a6c8f6e17725aa25
radiotap.05.dbm_antsignal.present_zero	radiotap	parse_then_send_if_accepted_after_continuity_fix	structurally_valid	radiotap_fixed	parse_reject_eopnotsupp	rejected	-95	precise_parser_reject_without_submit	direction_semantics_and_backend_effect_or_precise_reject	962651a16ad2427bde5c7f2e63e5488d9a3b7f9dbe9b6c080b19493505cd6ee3
radiotap.05.dbm_antsignal.present_nonzero	radiotap	parse_then_send_if_accepted_after_continuity_fix	structurally_valid	radiotap_fixed	parse_reject_eopnotsupp	rejected	-95	precise_parser_reject_without_submit	direction_semantics_and_backend_effect_or_precise_reject	df2bd0088584d21601bfceb0448c93dd81a4116909362e169415351945077a34
radiotap.05.dbm_antsignal.truncated	radiotap	parse_only	malformed	radiotap_fixed	parse_reject_einval	rejected	-22	precise_parser_reject_without_submit	reject_without_submit	489ab95665d171e788bc0cc248190147fbbf0e8cd98b7047320e0daa89a8898f
radiotap.06.dbm_antnoise.present_zero	radiotap	parse_then_send_if_accepted_after_continuity_fix	structurally_valid	radiotap_fixed	parse_reject_eopnotsupp	rejected	-95	precise_parser_reject_without_submit	direction_semantics_and_backend_effect_or_precise_reject	6c92c6982b13cd676fd2e311b026e23beb082bade64122b975e3399a662f35d3
radiotap.06.dbm_antnoise.present_nonzero	radiotap	parse_then_send_if_accepted_after_continuity_fix	structurally_valid	radiotap_fixed	parse_reject_eopnotsupp	rejected	-95	precise_parser_reject_without_submit	direction_semantics_and_backend_effect_or_precise_reject	121191315faaba026e51dd55391912fb15bd0bf221b16a184e35ea6caf2fe4f9
radiotap.06.dbm_antnoise.truncated	radiotap	parse_only	malformed	radiotap_fixed	parse_reject_einval	rejected	-22	precise_parser_reject_without_submit	reject_without_submit	ee7e60be6ff97d2b7ff87d3021dcee7dac6d91e73c1f544b6b3c7b7617ad2adc
radiotap.07.lock_quality.present_zero	radiotap	parse_then_send_if_accepted_after_continuity_fix	structurally_valid	radiotap_fixed	parse_reject_eopnotsupp	rejected	-95	precise_parser_reject_without_submit	direction_semantics_and_backend_effect_or_precise_reject	cd51dc2013daf84292a952f5caefbfc940338101cea8de006c0668942968524a
radiotap.07.lock_quality.present_nonzero	radiotap	parse_then_send_if_accepted_after_continuity_fix	structurally_valid	radiotap_fixed	parse_reject_eopnotsupp	rejected	-95	precise_parser_reject_without_submit	direction_semantics_and_backend_effect_or_precise_reject	8d50dcbf2a306b2ba55c5b92bd92b6aeec68ef15de39e979841ecf44056e80ec
radiotap.07.lock_quality.truncated	radiotap	parse_only	malformed	radiotap_fixed	parse_reject_einval	rejected	-22	precise_parser_reject_without_submit	reject_without_submit	4c81c7e94c25770b20e03adf105b6b18cfe89a88ae458e2117f9d64ca5365c58
radiotap.08.tx_attenuation.present_zero	radiotap	parse_then_send_if_accepted_after_continuity_fix	structurally_valid	radiotap_fixed	parse_reject_eopnotsupp	rejected	-95	precise_parser_reject_without_submit	direction_semantics_and_backend_effect_or_precise_reject	013ae5dd8501fba3f64b69b7c99fbfb7cfb8a82c2bf683ace7a672076b2bdd1a
radiotap.08.tx_attenuation.present_nonzero	radiotap	parse_then_send_if_accepted_after_continuity_fix	structurally_valid	radiotap_fixed	parse_reject_eopnotsupp	rejected	-95	precise_parser_reject_without_submit	direction_semantics_and_backend_effect_or_precise_reject	ad7e2daf9f191059a61b9bb0ec1ad8ea7af15515b01fed23b5180a4d9b509cdb
radiotap.08.tx_attenuation.truncated	radiotap	parse_only	malformed	radiotap_fixed	parse_reject_einval	rejected	-22	precise_parser_reject_without_submit	reject_without_submit	7a57a8f119aef7286786f91116f566c573710b72b9559bef785f7010f33867ce
radiotap.09.db_tx_attenuation.present_zero	radiotap	parse_then_send_if_accepted_after_continuity_fix	structurally_valid	radiotap_fixed	parse_reject_eopnotsupp	rejected	-95	precise_parser_reject_without_submit	direction_semantics_and_backend_effect_or_precise_reject	8d74f3eb0ce5f2e2d83eb069e4f31bbfaecfc8ea5318f5b8465a3e1f926e4893
radiotap.09.db_tx_attenuation.present_nonzero	radiotap	parse_then_send_if_accepted_after_continuity_fix	structurally_valid	radiotap_fixed	parse_reject_eopnotsupp	rejected	-95	precise_parser_reject_without_submit	direction_semantics_and_backend_effect_or_precise_reject	204bbefcb048a5902cda5dd84df9f0c4f8f206816247aa4b868f10dfdd75ffd9
radiotap.09.db_tx_attenuation.truncated	radiotap	parse_only	malformed	radiotap_fixed	parse_reject_einval	rejected	-22	precise_parser_reject_without_submit	reject_without_submit	94644df9ca07543d4def495826bfd2ac859d63647ed3a903388ba758c2e42250
radiotap.10.dbm_tx_power.present_zero	radiotap	parse_then_send_if_accepted_after_continuity_fix	structurally_valid	radiotap_fixed	parser_accept_backend_candidate	accepted	0	terminal_completion_or_precise_backend_reject	direction_semantics_and_backend_effect_or_precise_reject	c308eda8549dea6c1d891f6d0ae577c8e717e3e32660e3081f0303014b30b36b
radiotap.10.dbm_tx_power.present_nonzero	radiotap	parse_then_send_if_accepted_after_continuity_fix	structurally_valid	radiotap_fixed	parser_accept_backend_candidate	accepted	0	terminal_completion_or_precise_backend_reject	direction_semantics_and_backend_effect_or_precise_reject	a3b1ef020148714c4b80978ec64a6ee2d9584fed79bfea74011e93b83de7f698
radiotap.10.dbm_tx_power.truncated	radiotap	parse_only	malformed	radiotap_fixed	parse_reject_einval	rejected	-22	precise_parser_reject_without_submit	reject_without_submit	9b315cf6904627e037357b4ce6bb2e6da245088c8aa4c7de404a0a7c0e943f28
radiotap.11.antenna.present_zero	radiotap	parse_then_send_if_accepted_after_continuity_fix	structurally_valid	radiotap_fixed	parser_accept_backend_candidate	accepted	0	terminal_completion_or_precise_backend_reject	direction_semantics_and_backend_effect_or_precise_reject	34d85d78d8287df2666f8feff9ccb50895a5ba09d0a2d465d7076b43296ee05a
radiotap.11.antenna.present_nonzero	radiotap	parse_then_send_if_accepted_after_continuity_fix	structurally_valid	radiotap_fixed	parser_accept_backend_candidate	accepted	0	terminal_completion_or_precise_backend_reject	direction_semantics_and_backend_effect_or_precise_reject	850c33362c513f7d707cefef53c432d733315ec974ee7f672deab8ffada8e4d5
radiotap.11.antenna.truncated	radiotap	parse_only	malformed	radiotap_fixed	parse_reject_einval	rejected	-22	precise_parser_reject_without_submit	reject_without_submit	2101f2c210ab65137bea58b18d168c9a226dfcb127ae3fdf127b991484c2afc4
radiotap.12.db_antsignal.present_zero	radiotap	parse_then_send_if_accepted_after_continuity_fix	structurally_valid	radiotap_fixed	parse_reject_eopnotsupp	rejected	-95	precise_parser_reject_without_submit	direction_semantics_and_backend_effect_or_precise_reject	7ebdf04ac186f2586d0c28b168e8b0be33d60c8ca1c0a8e99e7ebab94ade5c7c
radiotap.12.db_antsignal.present_nonzero	radiotap	parse_then_send_if_accepted_after_continuity_fix	structurally_valid	radiotap_fixed	parse_reject_eopnotsupp	rejected	-95	precise_parser_reject_without_submit	direction_semantics_and_backend_effect_or_precise_reject	aa8135c20c8636e070d28d6e87154db8ef6d657fef3c081bbe160445a9cb6299
radiotap.12.db_antsignal.truncated	radiotap	parse_only	malformed	radiotap_fixed	parse_reject_einval	rejected	-22	precise_parser_reject_without_submit	reject_without_submit	4ec98c5950d74833cf47e79118d4c39f3766fb83cf7bbee768dc550dc91056e0
radiotap.13.db_antnoise.present_zero	radiotap	parse_then_send_if_accepted_after_continuity_fix	structurally_valid	radiotap_fixed	parse_reject_eopnotsupp	rejected	-95	precise_parser_reject_without_submit	direction_semantics_and_backend_effect_or_precise_reject	dc44c2fee3c59b407d10fce8a37b1abaef17b7c194530a81fc60aad9e728ae00
radiotap.13.db_antnoise.present_nonzero	radiotap	parse_then_send_if_accepted_after_continuity_fix	structurally_valid	radiotap_fixed	parse_reject_eopnotsupp	rejected	-95	precise_parser_reject_without_submit	direction_semantics_and_backend_effect_or_precise_reject	5065dc9a9753482b2d6687827137d2e8c92d0d10780c91412121f475cdb2f38a
radiotap.13.db_antnoise.truncated	radiotap	parse_only	malformed	radiotap_fixed	parse_reject_einval	rejected	-22	precise_parser_reject_without_submit	reject_without_submit	c0d31f45398a1f3a41afa3e25eae297e498af2d41b8856122f56e368f8d09404
radiotap.14.rx_flags.present_zero	radiotap	parse_then_send_if_accepted_after_continuity_fix	structurally_valid	radiotap_fixed	parse_reject_eopnotsupp	rejected	-95	precise_parser_reject_without_submit	direction_semantics_and_backend_effect_or_precise_reject	40a93013a0316a7f2157e5df3a4e952e48ff660f14d27d4aade58dc811f69980
radiotap.14.rx_flags.present_nonzero	radiotap	parse_then_send_if_accepted_after_continuity_fix	structurally_valid	radiotap_fixed	parse_reject_eopnotsupp	rejected	-95	precise_parser_reject_without_submit	direction_semantics_and_backend_effect_or_precise_reject	2ad76238f0d15ebe26abb21b654660273f45237ed4054869d4c8b76149797c54
radiotap.14.rx_flags.truncated	radiotap	parse_only	malformed	radiotap_fixed	parse_reject_einval	rejected	-22	precise_parser_reject_without_submit	reject_without_submit	cb52b0df67e94aefd4c344f8721798ca49b711bfd1ed40c40c9ba13c44b2b59c
radiotap.15.tx_flags.present_zero	radiotap	parse_then_send_if_accepted_after_continuity_fix	structurally_valid	radiotap_fixed	parser_accept_backend_candidate	accepted	0	terminal_completion_or_precise_backend_reject	direction_semantics_and_backend_effect_or_precise_reject	8d52557367d2629aaecd42bda5fc54fe3b6f2e230e0be917016421b00422ed3d
radiotap.15.tx_flags.present_nonzero	radiotap	parse_then_send_if_accepted_after_continuity_fix	structurally_valid	radiotap_fixed	parser_accept_backend_candidate	accepted	0	terminal_completion_or_precise_backend_reject	direction_semantics_and_backend_effect_or_precise_reject	92a040d8154c3a17d87a9591c523d0b99579de2aacc88989b754afd2cdc2e07c
radiotap.15.tx_flags.truncated	radiotap	parse_only	malformed	radiotap_fixed	parse_reject_einval	rejected	-22	precise_parser_reject_without_submit	reject_without_submit	577331b1cfdb8f6ff1699469ece5397feadbf98546b9e256fab72e2ff70f96de
radiotap.16.rts_retries.present_zero	radiotap	parse_then_send_if_accepted_after_continuity_fix	structurally_valid	radiotap_fixed	parse_reject_eopnotsupp	rejected	-95	precise_parser_reject_without_submit	direction_semantics_and_backend_effect_or_precise_reject	cb4535519ddef2bb11b1ef4886288f0ff6e38c8f1c4a7a029722f945a52bc912
radiotap.16.rts_retries.present_nonzero	radiotap	parse_then_send_if_accepted_after_continuity_fix	structurally_valid	radiotap_fixed	parse_reject_eopnotsupp	rejected	-95	precise_parser_reject_without_submit	direction_semantics_and_backend_effect_or_precise_reject	f3db21c97a962553f32870773f29caedbb47855f8212c5f5f3ba64952cb89aad
radiotap.16.rts_retries.truncated	radiotap	parse_only	malformed	radiotap_fixed	parse_reject_einval	rejected	-22	precise_parser_reject_without_submit	reject_without_submit	57d38b4d4006a96fa34ed20f03c0ceb7306ad6d34ba63c06546cc1795792587a
radiotap.17.data_retries.present_zero	radiotap	parse_then_send_if_accepted_after_continuity_fix	structurally_valid	radiotap_fixed	parser_accept_backend_candidate	accepted	0	terminal_completion_or_precise_backend_reject	direction_semantics_and_backend_effect_or_precise_reject	ff29d469d360862844a85442d4287004f881b61263664f54f62c179e940f9347
radiotap.17.data_retries.present_nonzero	radiotap	parse_then_send_if_accepted_after_continuity_fix	structurally_valid	radiotap_fixed	parser_accept_backend_candidate	accepted	0	terminal_completion_or_precise_backend_reject	direction_semantics_and_backend_effect_or_precise_reject	354dc372d9b4cdab539f402cf26c16d2ce46a21a08bd788fc0258aa52e494e1d
radiotap.17.data_retries.truncated	radiotap	parse_only	malformed	radiotap_fixed	parse_reject_einval	rejected	-22	precise_parser_reject_without_submit	reject_without_submit	5b98664482fb2276ee94935844c40ffd5e7b129b0ec2872cc826701cac30fc67
radiotap.18.xchannel.present_zero	radiotap	parse_then_send_if_accepted_after_continuity_fix	structurally_valid	radiotap_fixed	parse_reject_eopnotsupp	rejected	-95	precise_parser_reject_without_submit	direction_semantics_and_backend_effect_or_precise_reject	26aae99796ef8b1c99c327ce5efb2e26a832f2e56860b8421bac4cac17a8ae86
radiotap.18.xchannel.present_nonzero	radiotap	parse_then_send_if_accepted_after_continuity_fix	structurally_valid	radiotap_fixed	parse_reject_eopnotsupp	rejected	-95	precise_parser_reject_without_submit	direction_semantics_and_backend_effect_or_precise_reject	dc3640a6ff0a1ec863b0042e256435bae10d79180bc8464d4097e45f880c3902
radiotap.18.xchannel.truncated	radiotap	parse_only	malformed	radiotap_fixed	parse_reject_einval	rejected	-22	precise_parser_reject_without_submit	reject_without_submit	95f41ce89582ffaee1a93fdf5aa770eed4a6977870443b7981e25323bff83b94
radiotap.19.mcs.present_zero	radiotap	parse_then_send_if_accepted_after_continuity_fix	structurally_valid	radiotap_fixed	parse_reject_eopnotsupp	rejected	-95	precise_parser_reject_without_submit	direction_semantics_and_backend_effect_or_precise_reject	0ec7b1ebaefcac35db6c8e5bf05b3a1254a106f22fbc23877ebc3d1f67f22c9a
radiotap.19.mcs.present_nonzero	radiotap	parse_then_send_if_accepted_after_continuity_fix	structurally_valid	radiotap_fixed	parser_accept_backend_candidate	accepted	0	terminal_completion_or_precise_backend_reject	direction_semantics_and_backend_effect_or_precise_reject	b4ec3cf1cf9375bb508e271ad79d3f8864c0ce342303590004e4866a0089e97c
radiotap.19.mcs.truncated	radiotap	parse_only	malformed	radiotap_fixed	parse_reject_einval	rejected	-22	precise_parser_reject_without_submit	reject_without_submit	18bdb1f2db3187a6643403f76019394e4fce47f0aafd03bbdd542c2cd3fc4852
radiotap.20.ampdu_status.present_zero	radiotap	parse_then_send_if_accepted_after_continuity_fix	structurally_valid	radiotap_fixed	parse_reject_eopnotsupp	rejected	-95	precise_parser_reject_without_submit	direction_semantics_and_backend_effect_or_precise_reject	982c1dfe3913944a7eaa6785c01e585d043cf3d8b063e7ac3a0bbf35203026be
radiotap.20.ampdu_status.present_nonzero	radiotap	parse_then_send_if_accepted_after_continuity_fix	structurally_valid	radiotap_fixed	parse_reject_eopnotsupp	rejected	-95	precise_parser_reject_without_submit	direction_semantics_and_backend_effect_or_precise_reject	b8e67b786dbb90ab5dbefe76542baf716c07c0d415e0ce1b57d4097bdceb9777
radiotap.20.ampdu_status.truncated	radiotap	parse_only	malformed	radiotap_fixed	parse_reject_einval	rejected	-22	precise_parser_reject_without_submit	reject_without_submit	090fa7f53fda8c6819a10f4401ed281b856279335f7ce4d3ac8f1f591cf64ec3
radiotap.21.vht.present_zero	radiotap	parse_then_send_if_accepted_after_continuity_fix	structurally_valid	radiotap_fixed	parse_reject_eopnotsupp	rejected	-95	precise_parser_reject_without_submit	direction_semantics_and_backend_effect_or_precise_reject	b818c0f06b52f4db9d58fc993a4bee4cf200ad470ef9885f166a055341d9a619
radiotap.21.vht.present_nonzero	radiotap	parse_then_send_if_accepted_after_continuity_fix	structurally_valid	radiotap_fixed	parser_accept_backend_candidate	accepted	0	terminal_completion_or_precise_backend_reject	direction_semantics_and_backend_effect_or_precise_reject	ececddddb145bb1c344a730a66ad69bc414d5495d4b62905d7417e9c40c46f59
radiotap.21.vht.truncated	radiotap	parse_only	malformed	radiotap_fixed	parse_reject_einval	rejected	-22	precise_parser_reject_without_submit	reject_without_submit	fb683eb9ac2f9e237301c555b774be81c32eb42022650048340ddf36027f6c01
radiotap.22.timestamp.present_zero	radiotap	parse_then_send_if_accepted_after_continuity_fix	structurally_valid	radiotap_fixed	parse_reject_eopnotsupp	rejected	-95	precise_parser_reject_without_submit	direction_semantics_and_backend_effect_or_precise_reject	cc587319926311f52e74e7cced1852090b8a98e05011a77fd9568f0c69948d67
radiotap.22.timestamp.present_nonzero	radiotap	parse_then_send_if_accepted_after_continuity_fix	structurally_valid	radiotap_fixed	parse_reject_eopnotsupp	rejected	-95	precise_parser_reject_without_submit	direction_semantics_and_backend_effect_or_precise_reject	918e8bd0ae25d21da3e2e4b6c04cda4702fc4c7390fb7715d63ce277d49ac857
radiotap.22.timestamp.truncated	radiotap	parse_only	malformed	radiotap_fixed	parse_reject_einval	rejected	-22	precise_parser_reject_without_submit	reject_without_submit	74d4b7f0fc66c184e7d3af8b10039cf17b217b87f2bb9ea29d95fd8e7a109153
radiotap.23.he.present_zero	radiotap	parse_then_send_if_accepted_after_continuity_fix	structurally_valid	radiotap_fixed	parse_reject_eopnotsupp	rejected	-95	precise_parser_reject_without_submit	direction_semantics_and_backend_effect_or_precise_reject	d3f9047c614e3b6c2f4403e88740fb491dfea43628cf7d0ba6d2f4997264dd4d
radiotap.23.he.present_nonzero	radiotap	parse_then_send_if_accepted_after_continuity_fix	structurally_valid	radiotap_fixed	parser_accept_backend_candidate	accepted	0	terminal_completion_or_precise_backend_reject	direction_semantics_and_backend_effect_or_precise_reject	cbcebe8def6c3a2b239071fd14b9e663788776cd928aab653af49179d1cf6f18
radiotap.23.he.truncated	radiotap	parse_only	malformed	radiotap_fixed	parse_reject_einval	rejected	-22	precise_parser_reject_without_submit	reject_without_submit	896b027be4ec03991c9325967ec7b7dc9f69f09928e3e2a85e7ac3f376737950
radiotap.24.he_mu.present_zero	radiotap	parse_then_send_if_accepted_after_continuity_fix	structurally_valid	radiotap_fixed	parse_reject_eopnotsupp	rejected	-95	precise_parser_reject_without_submit	direction_semantics_and_backend_effect_or_precise_reject	4dac4f28a86b0b89c92a32eb1b8254364c6d705dab04d20eea9c1bc3fdad8f4a
radiotap.24.he_mu.present_nonzero	radiotap	parse_then_send_if_accepted_after_continuity_fix	structurally_valid	radiotap_fixed	parse_reject_eopnotsupp	rejected	-95	precise_parser_reject_without_submit	direction_semantics_and_backend_effect_or_precise_reject	f534913f924039c8af688da088cf7e6ac57552d4343363334adf7db08079424a
radiotap.24.he_mu.truncated	radiotap	parse_only	malformed	radiotap_fixed	parse_reject_einval	rejected	-22	precise_parser_reject_without_submit	reject_without_submit	197ba85f4e2d74d3ce99892e111b818147b63a0aa4ed9d62505f4f0e64c451b7
radiotap.25.he_mu_other_user.present_zero	radiotap	parse_then_send_if_accepted_after_continuity_fix	structurally_valid	radiotap_fixed	parse_reject_eopnotsupp	rejected	-95	precise_parser_reject_without_submit	direction_semantics_and_backend_effect_or_precise_reject	23b37af30e6c7b785b2efb0cf6113ea11f66ae5ee9b17c70553734680342c6a6
radiotap.25.he_mu_other_user.present_nonzero	radiotap	parse_then_send_if_accepted_after_continuity_fix	structurally_valid	radiotap_fixed	parse_reject_eopnotsupp	rejected	-95	precise_parser_reject_without_submit	direction_semantics_and_backend_effect_or_precise_reject	b0b1330bff42d5d439d44d78633fe7cd3159ee3672e5aebc8733e4648b833103
radiotap.25.he_mu_other_user.truncated	radiotap	parse_only	malformed	radiotap_fixed	parse_reject_einval	rejected	-22	precise_parser_reject_without_submit	reject_without_submit	3dbad1ab27005f1e0d66e81113b2f195709c07d912f3ebaef6b5a8bc8b1f492d
radiotap.26.zero_len_psdu.present_zero	radiotap	parse_then_send_if_accepted_after_continuity_fix	structurally_valid	radiotap_fixed	parse_reject_eopnotsupp	rejected	-95	precise_parser_reject_without_submit	direction_semantics_and_backend_effect_or_precise_reject	e2e2dbcc737f1bd719cb2c7203dba514ad9b2242457578e80636b96439eae5a3
radiotap.26.zero_len_psdu.present_nonzero	radiotap	parse_then_send_if_accepted_after_continuity_fix	structurally_valid	radiotap_fixed	parse_reject_eopnotsupp	rejected	-95	precise_parser_reject_without_submit	direction_semantics_and_backend_effect_or_precise_reject	49183c85181670683289fc6634ce0f97b93be326290864593dac041f1a4497ef
radiotap.26.zero_len_psdu.truncated	radiotap	parse_only	malformed	radiotap_fixed	parse_reject_einval	rejected	-22	precise_parser_reject_without_submit	reject_without_submit	a75784778c5d9d4afad83542958c58627387a54eb73e98781da813a38b01e210
radiotap.27.lsig.present_zero	radiotap	parse_then_send_if_accepted_after_continuity_fix	structurally_valid	radiotap_fixed	parse_reject_eopnotsupp	rejected	-95	precise_parser_reject_without_submit	direction_semantics_and_backend_effect_or_precise_reject	db31d4a5514dcf40e162b1c99a5107b9de0333db74ce36e4d67c2c309ccf276a
radiotap.27.lsig.present_nonzero	radiotap	parse_then_send_if_accepted_after_continuity_fix	structurally_valid	radiotap_fixed	parse_reject_eopnotsupp	rejected	-95	precise_parser_reject_without_submit	direction_semantics_and_backend_effect_or_precise_reject	a65c574a4e64ccc42af94eb10bbb53eaac3dfb7724b5c7dc36cb19dd556f3a31
radiotap.27.lsig.truncated	radiotap	parse_only	malformed	radiotap_fixed	parse_reject_einval	rejected	-22	precise_parser_reject_without_submit	reject_without_submit	93e11fda4a3b6222927047eb8085d9cffe6c37a26e15cbbc8285bc1415af252d
radiotap.28.tlv.usig	radiotap	parse_only	structurally_valid	radiotap_tlv	parse_reject_eopnotsupp	rejected	-95	precise_parser_reject_without_submit	tx_direction_semantics_or_precise_reject	a7419e0af5d4f4b62db82f5fb73a72ae188dda17e6e516bd531256b5f9552adb
radiotap.28.tlv.eht	radiotap	parse_only	structurally_valid	radiotap_tlv	parse_reject_eopnotsupp	rejected	-95	precise_parser_reject_without_submit	tx_direction_semantics_or_precise_reject	310902b660e44413d9a8841d3512b826601150918922f93b4fcb17b29f715a03
radiotap.28.tlv.usig_eht_stream	radiotap	parse_only	structurally_valid	radiotap_tlv	parse_reject_eopnotsupp	rejected	-95	precise_parser_reject_without_submit	tx_direction_semantics_or_precise_reject	00b18e3bd67e3c1bb58f26aa0ca8dec6d41bfa4ce0cb89ee28915501539b6155
radiotap.28.tlv.truncated_header	radiotap	parse_only	malformed	radiotap_tlv	parse_reject_einval	rejected	-22	precise_parser_reject_without_submit	reject_without_submit	fb1209e689a81d2cccb2f19fd4565e9e22df63a8266d06c86349f1fe78ec0a6b
radiotap.28.tlv.length_overrun	radiotap	parse_only	malformed	radiotap_tlv	parse_reject_einval	rejected	-22	precise_parser_reject_without_submit	reject_without_submit	075874e9a9ed991a16767d9b2df5bf4b90bc9e0ebd276651c8b8f82e20fe7f02
radiotap.28.tlv.padding_overrun	radiotap	parse_only	malformed	radiotap_tlv	parse_reject_einval	rejected	-22	precise_parser_reject_without_submit	reject_without_submit	7b6c7ef00ddbcecaa6d7b416a1f647f8ba1d76d8ffff4b99b623a97a1107905a
radiotap.29.namespace.reset_only	radiotap	parse_then_send_if_accepted_after_continuity_fix	structurally_valid	radiotap_namespace	parser_accept_backend_candidate	accepted	0	terminal_completion_or_precise_backend_reject	namespace_reset_preserved	cba250a2cc629bf96bc58ef05a583711ee0e8fd03fef8c17b581a6c9b365d456
radiotap.29.namespace.reset_then_rate	radiotap	parse_then_send_if_accepted_after_continuity_fix	structurally_valid	radiotap_namespace	parser_accept_backend_candidate	accepted	0	terminal_completion_or_precise_backend_reject	namespace_reset_preserved	c93b27f588f5056db42000cd921381bdf5e80962027ba65a5ad9dc21c603507f
radiotap.30.vendor.atheros_selector0	radiotap	parse_only	registered_rx_namespace	radiotap_vendor	parse_reject_eopnotsupp	rejected	-95	precise_parser_reject_without_submit	direction_semantics_and_registered_namespace_policy	1c43f670aa855f569946702ef98d5b169d0e48b0ef17bb64d6c28484823ea0a5
radiotap.30.vendor.unknown	radiotap	parse_only	unknown_namespace	radiotap_vendor	parse_reject_eopnotsupp	rejected	-95	precise_parser_reject_without_submit	skip_or_reject_per_direction_contract	dc0d2da45bb40b1aca735c079af0ec22549a50caa9aefdf06dd7124d91bd6834
radiotap.30.vendor.length_overrun	radiotap	parse_only	malformed	radiotap_vendor	parse_reject_eopnotsupp_before_vendor_decode	rejected	-95	precise_parser_reject_without_submit	reject_einval_without_submit_after_vendor_parser_exists	0c47a3bd3a9a4a42e6b37815d06c17354a259d561ca58f94a504f15710a65580
radiotap.31.ext.empty_word	radiotap	parse_then_send_if_accepted_after_continuity_fix	structurally_valid	radiotap_extended_presence	parser_accept_backend_candidate	accepted	0	terminal_completion_or_precise_backend_reject	extended_presence_preserved	2c8db01bec3a1dcb964525b566587f4178dda5d3f8846dadb65ba925553d99d0
radiotap.31.ext.missing_word	radiotap	parse_only	malformed	radiotap_extended_presence	parse_reject_einval	rejected	-22	precise_parser_reject_without_submit	reject_without_submit	8e8635d4ad4c72fa6a315922316fb54f81ea18715556387ff1846349709edf76
radiotap.32.reserved_32.extended_bitmap	radiotap	parse_only	reserved_or_tlv_only	radiotap_extended_presence	parse_reject_eopnotsupp	rejected	-95	precise_parser_reject_without_submit	reject_bare_bitmap_and_use_registered_tlv_encoding	7f1b6d71f84c20269053f6968c24ebabfba0b4b3e16827e34d69c2a5a6d65de1
radiotap.33.bare_eht_usig.extended_bitmap	radiotap	parse_only	reserved_or_tlv_only	radiotap_extended_presence	parse_reject_eopnotsupp	rejected	-95	precise_parser_reject_without_submit	reject_bare_bitmap_and_use_registered_tlv_encoding	a3ad62f19e6f1ffaa1e4bd98ade3ec4b60ac5fccb4b135ff11242a126811a02b
radiotap.34.bare_eht.extended_bitmap	radiotap	parse_only	reserved_or_tlv_only	radiotap_extended_presence	parse_reject_eopnotsupp	rejected	-95	precise_parser_reject_without_submit	reject_bare_bitmap_and_use_registered_tlv_encoding	bccdeb6becad6047bc39d9932292bae6f49305012b2f1a9454f6124b6bb545c1
radiotap.semantic.rate_plus_mcs_conflict	radiotap	parse_only	conflicting_tx_controls	radiotap_conflict	parse_reject_einval	rejected	-22	precise_parser_reject_without_submit	precise_conflict_reject	5d7b615cbdb288c180423963257d312c657c36429f6b4ed5cbb075df7136422f
radiotap.semantic.aligned_multi_field	radiotap	parse_then_send_if_accepted_after_continuity_fix	structurally_valid	radiotap_alignment	parser_accept_backend_candidate	accepted	0	terminal_completion_or_precise_backend_reject	all_present_values_effective_or_precisely_limited	2032ea54666a6f8e75245993422fbfc9f6a414559a36c621e53688bad4e7ef7d
radiotap.semantic.badfcs_intent	radiotap	parse_only	structurally_valid_intent	radiotap_flags	parse_reject_ebadmsg	rejected	-74	precise_parser_reject_without_submit	intentional_badfcs_backend_or_precise_unsupported	6cac72d9121bc4609bef3c13f4d47b94964efe932d0a60a699dfb582bbe22935
radiotap.semantic.unsupported_flags_bit	radiotap	parse_only	structurally_valid	radiotap_flags	parse_reject_eopnotsupp	rejected	-95	precise_parser_reject_without_submit	precise_direction_or_policy_reject	46ceea3e7cc7288463aad1da42f308ed21395c0cc2c6dafb5551504860b613f5
radiotap.semantic.data_retries_overflow	radiotap	parse_only	out_of_range	radiotap_data_retries	parse_reject_erange	rejected	-34	precise_parser_reject_without_submit	reject_without_submit	66764898419df7321e5e130ee06d81efc0d352e576ade23a8300f5749043d27b
radiotap.phy.legacy.rate_002	radiotap	parse_then_send_if_accepted_after_continuity_fix	structurally_valid	radiotap_phy_legacy	parser_accept_backend_candidate	accepted	0	terminal_completion_or_precise_backend_reject	ota_phy_metadata_or_receiver_ab_effect_or_precise_limit	8a5acdfb9ae7ad45f49dd7e46e39167ea7d10822eeaf446a67679805961bc6de
radiotap.phy.legacy.rate_004	radiotap	parse_then_send_if_accepted_after_continuity_fix	structurally_valid	radiotap_phy_legacy	parser_accept_backend_candidate	accepted	0	terminal_completion_or_precise_backend_reject	ota_phy_metadata_or_receiver_ab_effect_or_precise_limit	bfcdcbac23d843c89c9726e94ce72b8a5ef5c6890569bdd5359b4f23a5a04ab2
radiotap.phy.legacy.rate_011	radiotap	parse_then_send_if_accepted_after_continuity_fix	structurally_valid	radiotap_phy_legacy	parser_accept_backend_candidate	accepted	0	terminal_completion_or_precise_backend_reject	ota_phy_metadata_or_receiver_ab_effect_or_precise_limit	0c52551c84a87634f0ddd2c7650517a2e9cf15f0e5702293c8b03abc5debe6c6
radiotap.phy.legacy.rate_022	radiotap	parse_then_send_if_accepted_after_continuity_fix	structurally_valid	radiotap_phy_legacy	parser_accept_backend_candidate	accepted	0	terminal_completion_or_precise_backend_reject	ota_phy_metadata_or_receiver_ab_effect_or_precise_limit	81bb7c2845400e3a10d6c935ee13cb9b29d7e4bea3e6889b505d5588294be49d
radiotap.phy.legacy.rate_012	radiotap	parse_then_send_if_accepted_after_continuity_fix	structurally_valid	radiotap_phy_legacy	parser_accept_backend_candidate	accepted	0	terminal_completion_or_precise_backend_reject	ota_phy_metadata_or_receiver_ab_effect_or_precise_limit	48f61c127991604b52b8832107f95975843a3832d6ae99ff65a6096bc1073eb4
radiotap.phy.legacy.rate_018	radiotap	parse_then_send_if_accepted_after_continuity_fix	structurally_valid	radiotap_phy_legacy	parser_accept_backend_candidate	accepted	0	terminal_completion_or_precise_backend_reject	ota_phy_metadata_or_receiver_ab_effect_or_precise_limit	58a35dce590ca0b1ebd4cd75f059a25eebd3f056ef6a666730fa33d490fb373b
radiotap.phy.legacy.rate_024	radiotap	parse_then_send_if_accepted_after_continuity_fix	structurally_valid	radiotap_phy_legacy	parser_accept_backend_candidate	accepted	0	terminal_completion_or_precise_backend_reject	ota_phy_metadata_or_receiver_ab_effect_or_precise_limit	ced96ff51b35c2d7c89b27b43004999dd74590d7774563d5ea578452d4ee43fe
radiotap.phy.legacy.rate_036	radiotap	parse_then_send_if_accepted_after_continuity_fix	structurally_valid	radiotap_phy_legacy	parser_accept_backend_candidate	accepted	0	terminal_completion_or_precise_backend_reject	ota_phy_metadata_or_receiver_ab_effect_or_precise_limit	09652017e521512bcb4a1c45c3db029a37020f46010c23ec6ae6aa94cfa08465
radiotap.phy.legacy.rate_048	radiotap	parse_then_send_if_accepted_after_continuity_fix	structurally_valid	radiotap_phy_legacy	parser_accept_backend_candidate	accepted	0	terminal_completion_or_precise_backend_reject	ota_phy_metadata_or_receiver_ab_effect_or_precise_limit	2ef6e3d1e4a6c4a041bbb890fb12a6f4e7b5a0866d9a51aea09996f55853b773
radiotap.phy.legacy.rate_072	radiotap	parse_then_send_if_accepted_after_continuity_fix	structurally_valid	radiotap_phy_legacy	parser_accept_backend_candidate	accepted	0	terminal_completion_or_precise_backend_reject	ota_phy_metadata_or_receiver_ab_effect_or_precise_limit	fc579dc1a4de3441294728fd6d2b77807a03c34557cc1753f81f8aaecbf97bab
radiotap.phy.legacy.rate_096	radiotap	parse_then_send_if_accepted_after_continuity_fix	structurally_valid	radiotap_phy_legacy	parser_accept_backend_candidate	accepted	0	terminal_completion_or_precise_backend_reject	ota_phy_metadata_or_receiver_ab_effect_or_precise_limit	794c3571b493d185d9cb3fd01b68c44c78f3a457369d8b32f4f7b599154b78ee
radiotap.phy.legacy.rate_108	radiotap	parse_then_send_if_accepted_after_continuity_fix	structurally_valid	radiotap_phy_legacy	parser_accept_backend_candidate	accepted	0	terminal_completion_or_precise_backend_reject	ota_phy_metadata_or_receiver_ab_effect_or_precise_limit	c344d754904e2de1e1d44d0fed71035380508f10f333192df4a258c890c04df6
radiotap.phy.legacy.unsupported_rate_001	radiotap	parse_only	unsupported_value	radiotap_phy_legacy	parse_reject_eopnotsupp	rejected	-95	precise_parser_reject_without_submit	precise_unsupported	d35de2cdd4e806016df3d480416cd6087ae2065f4dc0c570fd5acf253809096e
radiotap.phy.legacy.unsupported_rate_003	radiotap	parse_only	unsupported_value	radiotap_phy_legacy	parse_reject_eopnotsupp	rejected	-95	precise_parser_reject_without_submit	precise_unsupported	12c94138e7202c69c32b610a12e796d347c0eef1654843851026bb5cc42e7493
radiotap.phy.legacy.unsupported_rate_127	radiotap	parse_only	unsupported_value	radiotap_phy_legacy	parse_reject_eopnotsupp	rejected	-95	precise_parser_reject_without_submit	precise_unsupported	82ea26794ad0320bfb8c51df733c7ad6c7366ca203a6ef0336041c22392f52cd
radiotap.phy.legacy.unsupported_rate_255	radiotap	parse_only	unsupported_value	radiotap_phy_legacy	parse_reject_eopnotsupp	rejected	-95	precise_parser_reject_without_submit	precise_unsupported	7f922f976d519e80415fe749d425939460ebae0a6136e696708c58835dba8836
radiotap.policy.tx_flags.default	radiotap	parse_then_send_if_accepted_after_continuity_fix	structurally_valid	radiotap_tx_policy	parser_accept_backend_candidate	accepted	0	terminal_completion_or_precise_backend_reject	backend_effect_or_precise_unsupported	8d52557367d2629aaecd42bda5fc54fe3b6f2e230e0be917016421b00422ed3d
radiotap.policy.tx_flags.cts	radiotap	parse_only	structurally_valid	radiotap_tx_policy	parse_reject_eopnotsupp	rejected	-95	precise_parser_reject_without_submit	backend_effect_or_precise_unsupported	00070b80d0bddc9b5f7685971444608cfb629036ebf2d569478217764f52f01c
radiotap.policy.tx_flags.rts	radiotap	parse_only	structurally_valid	radiotap_tx_policy	parse_reject_eopnotsupp	rejected	-95	precise_parser_reject_without_submit	backend_effect_or_precise_unsupported	72df6125e2679ef78f20f82df7e2e805c801a7439024f0763bfe20de8df94c64
radiotap.policy.tx_flags.noack	radiotap	parse_then_send_if_accepted_after_continuity_fix	structurally_valid	radiotap_tx_policy	parser_accept_backend_candidate	accepted	0	terminal_completion_or_precise_backend_reject	backend_effect_or_precise_unsupported	fe4529a38fb3e37b18e83e1ce15f88897525a9b8ee94516e6fa971dcf42361d0
radiotap.policy.tx_flags.noseqno	radiotap	parse_then_send_if_accepted_after_continuity_fix	structurally_valid	radiotap_tx_policy	parser_accept_backend_candidate	accepted	0	terminal_completion_or_precise_backend_reject	backend_effect_or_precise_unsupported	3e0dbe71294a0d65bd983fa97c01f151cd97908f2d12f53d1d2789effe46b97f
radiotap.policy.tx_flags.order	radiotap	parse_only	structurally_valid	radiotap_tx_policy	parse_reject_eopnotsupp	rejected	-95	precise_parser_reject_without_submit	backend_effect_or_precise_unsupported	80aa1546bd7bdae6a72cb9577030d16384a329bb1525b1e859fbf5d7f786283b
radiotap.policy.tx_flags.noack_noseqno	radiotap	parse_then_send_if_accepted_after_continuity_fix	structurally_valid	radiotap_tx_policy	parser_accept_backend_candidate	accepted	0	terminal_completion_or_precise_backend_reject	backend_effect_or_precise_unsupported	92a040d8154c3a17d87a9591c523d0b99579de2aacc88989b754afd2cdc2e07c
radiotap.policy.tx_flags.rts_noack	radiotap	parse_only	structurally_valid	radiotap_tx_policy	parse_reject_eopnotsupp	rejected	-95	precise_parser_reject_without_submit	backend_effect_or_precise_unsupported	b45d76ef387e4095d82b3855ff1cd81ba7d0a72c85b49ba499acd81911b5a38c
radiotap.policy.data_retries.000	radiotap	parse_then_send_if_accepted_after_continuity_fix	structurally_valid	radiotap_tx_policy	parser_accept_backend_candidate	accepted	0	terminal_completion_or_precise_backend_reject	backend_effect_or_precise_reject	ff29d469d360862844a85442d4287004f881b61263664f54f62c179e940f9347
radiotap.policy.data_retries.001	radiotap	parse_then_send_if_accepted_after_continuity_fix	structurally_valid	radiotap_tx_policy	parser_accept_backend_candidate	accepted	0	terminal_completion_or_precise_backend_reject	backend_effect_or_precise_reject	7e779967209f3276411380b528b2361c76f0ddffe4091216e9dd3b1e50b474b3
radiotap.policy.data_retries.002	radiotap	parse_then_send_if_accepted_after_continuity_fix	structurally_valid	radiotap_tx_policy	parser_accept_backend_candidate	accepted	0	terminal_completion_or_precise_backend_reject	backend_effect_or_precise_reject	8716b318e340abcbc28b0c70ab623d65414cff0126662073e66d8c264ef5048c
radiotap.policy.data_retries.007	radiotap	parse_then_send_if_accepted_after_continuity_fix	structurally_valid	radiotap_tx_policy	parser_accept_backend_candidate	accepted	0	terminal_completion_or_precise_backend_reject	backend_effect_or_precise_reject	155298bb1153db6d2d4792187d45e54bc85eb162f42f80e2176c257f9bc86962
radiotap.policy.data_retries.031	radiotap	parse_then_send_if_accepted_after_continuity_fix	structurally_valid	radiotap_tx_policy	parser_accept_backend_candidate	accepted	0	terminal_completion_or_precise_backend_reject	backend_effect_or_precise_reject	fe6b9ffa427917877d37f1da3d057cd8fc638042ada3bb684da28796c1e2bd39
radiotap.policy.data_retries.126	radiotap	parse_then_send_if_accepted_after_continuity_fix	structurally_valid	radiotap_tx_policy	parser_accept_backend_candidate	accepted	0	terminal_completion_or_precise_backend_reject	backend_effect_or_precise_reject	354dc372d9b4cdab539f402cf26c16d2ce46a21a08bd788fc0258aa52e494e1d
radiotap.policy.data_retries.127	radiotap	parse_only	structurally_valid	radiotap_tx_policy	parse_reject_erange	rejected	-34	precise_parser_reject_without_submit	backend_effect_or_precise_reject	66764898419df7321e5e130ee06d81efc0d352e576ade23a8300f5749043d27b
radiotap.policy.data_retries.255	radiotap	parse_only	structurally_valid	radiotap_tx_policy	parse_reject_erange	rejected	-34	precise_parser_reject_without_submit	backend_effect_or_precise_reject	4a1bfe076a356fa63d048059fb6ef4c3ea7b41a2d9dd1d1b853ab14e3620408a
radiotap.channel.2g.2412	radiotap	parse_then_send_if_accepted_after_continuity_fix	structurally_valid_requires_runtime_regulatory_check	radiotap_channel_policy	parser_accept_backend_candidate	accepted	0	terminal_completion_or_precise_backend_reject	off_channel_or_same_chandef_effect_fw_owned	79cfe29b904cec42dcff712ac76ebefe350b900894f330ff6125a22389a477ef
radiotap.channel.5g.5180	radiotap	parse_then_send_if_accepted_after_continuity_fix	structurally_valid_requires_runtime_regulatory_check	radiotap_channel_policy	parser_accept_backend_candidate	accepted	0	terminal_completion_or_precise_backend_reject	off_channel_or_same_chandef_effect_fw_owned	2a1b58813ce5ff2122b75cc092058f2955182cd8b9c7f6ff20c1631ceb0ede9d
radiotap.channel.5g_current.5785	radiotap	parse_then_send_if_accepted_after_continuity_fix	structurally_valid_requires_runtime_regulatory_check	radiotap_channel_policy	parser_accept_backend_candidate	accepted	0	terminal_completion_or_precise_backend_reject	off_channel_or_same_chandef_effect_fw_owned	330d54677b47d8f26db6c4edfcd49e65144ada96e51cdb9efb0bab56671e2283
radiotap.channel.6g.5955	radiotap	parse_then_send_if_accepted_after_continuity_fix	structurally_valid_requires_runtime_regulatory_check	radiotap_channel_policy	parser_accept_backend_candidate	accepted	0	terminal_completion_or_precise_backend_reject	off_channel_or_same_chandef_effect_fw_owned	463807cee5dc7ed6a7f0f386be18c7d3d4269dec7256f7c48ee7ca4fd98aa360
radiotap.fcs.hardware_generate	radiotap	parse_then_send_if_accepted_after_continuity_fix	structurally_valid_intent	radiotap_fcs_policy	parser_accept_backend_candidate	accepted	0	terminal_completion_or_precise_backend_reject	ota_fcs_effect_or_precise_unsupported	075ca0807f3364cec7138b6e478f477e9d6aeceee34259b4bd31f31728091193
radiotap.fcs.caller_valid	radiotap	parse_then_send_if_accepted_after_continuity_fix	structurally_valid_intent	radiotap_fcs_policy	parser_accept_backend_candidate	accepted	0	terminal_completion_or_precise_backend_reject	ota_fcs_effect_or_precise_unsupported	d84a108fe6adb0fdadc8c6a4d47ba4d3955c01c8d25e3a40e9130ac1e8eca9b4
radiotap.fcs.caller_invalid	radiotap	parse_then_send_if_accepted_after_continuity_fix	structurally_valid_intent	radiotap_fcs_policy	parser_accept_backend_candidate	accepted	0	terminal_completion_or_precise_backend_reject	ota_fcs_effect_or_precise_unsupported	d440657990bf0ef9ba49f968be8320c5813357706c8cc0e52d379088484621b0
radiotap.fcs.intentional_badfcs	radiotap	parse_only	structurally_valid_intent	radiotap_fcs_policy	parse_reject_ebadmsg	rejected	-74	precise_parser_reject_without_submit	ota_fcs_effect_or_precise_unsupported	6cac72d9121bc4609bef3c13f4d47b94964efe932d0a60a699dfb582bbe22935
radiotap.phy.ht.representative	radiotap	parse_then_send_if_accepted_after_continuity_fix	structurally_valid	radiotap_phy_ht	parser_accept_backend_candidate	accepted	0	terminal_completion_or_precise_backend_reject	backend_effect_or_precise_unsupported	cfac9038cf283c894791747ebbc0b1e98f1e352bd178075f7f46f30bc9e7afd2
radiotap.phy.vht.representative	radiotap	parse_then_send_if_accepted_after_continuity_fix	structurally_valid	radiotap_phy_vht	parser_accept_backend_candidate	accepted	0	terminal_completion_or_precise_backend_reject	backend_effect_or_precise_unsupported	ececddddb145bb1c344a730a66ad69bc414d5495d4b62905d7417e9c40c46f59
radiotap.phy.he.representative	radiotap	parse_then_send_if_accepted_after_continuity_fix	structurally_valid	radiotap_phy_he	parser_accept_backend_candidate	accepted	0	terminal_completion_or_precise_backend_reject	backend_effect_or_precise_unsupported	37f471894d4a2ad57ba183fb536dffdb96177a31f12e6561ee01c56d22e874bc
radiotap.phy.he_mu.representative	radiotap	parse_only	structurally_valid	radiotap_phy_he_mu	parse_reject_eopnotsupp	rejected	-95	precise_parser_reject_without_submit	backend_effect_or_precise_unsupported	f8c205b19ea4b90a6640cf6301d7c9c42a74e6597a5ffc50923780f150f598ef
radiotap.phy.policy.tx_power_zero	radiotap	parse_then_send_if_accepted_after_continuity_fix	structurally_valid	radiotap_phy_policy	parser_accept_backend_candidate	accepted	0	terminal_completion_or_precise_backend_reject	backend_effect_or_precise_unsupported	c308eda8549dea6c1d891f6d0ae577c8e717e3e32660e3081f0303014b30b36b
radiotap.phy.policy.tx_power_positive	radiotap	parse_then_send_if_accepted_after_continuity_fix	structurally_valid	radiotap_phy_policy	parser_accept_backend_candidate	accepted	0	terminal_completion_or_precise_backend_reject	backend_effect_or_precise_unsupported	829145bbdf55447987b7ff48d0a45f53a9d704d7b470d75c84193c69066924d4
radiotap.phy.policy.tx_power_negative	radiotap	parse_then_send_if_accepted_after_continuity_fix	structurally_valid	radiotap_phy_policy	parser_accept_backend_candidate	accepted	0	terminal_completion_or_precise_backend_reject	backend_effect_or_precise_unsupported	03b4d137ba60dc72fa7beb2594653785f14b1a56ab5b07f37c7a6c79bb5f8271
radiotap.phy.policy.antenna_zero	radiotap	parse_then_send_if_accepted_after_continuity_fix	structurally_valid	radiotap_phy_policy	parser_accept_backend_candidate	accepted	0	terminal_completion_or_precise_backend_reject	backend_effect_or_precise_unsupported	34d85d78d8287df2666f8feff9ccb50895a5ba09d0a2d465d7076b43296ee05a
radiotap.phy.policy.antenna_three	radiotap	parse_then_send_if_accepted_after_continuity_fix	structurally_valid	radiotap_phy_policy	parser_accept_backend_candidate	accepted	0	terminal_completion_or_precise_backend_reject	backend_effect_or_precise_unsupported	850c33362c513f7d707cefef53c432d733315ec974ee7f672deab8ffada8e4d5
